{"type":"FeatureCollection","source":"由 data/{tra,thsr_track,afr,trtc,tymc,ntdlrt,ntalrt,sanying,krtc,tmrt}.json 的 lines[].shape 與 lines[].stations 轉成 GeoJSON([lon,lat],小數 6 位),scripts/build_track_geojson.mjs 可重建;sortKey 依 data/rail_crossing_levels.json 的 31 筆立體交叉做拓撲排序;六個狀態色由 index.html 的 railMix 常數預先混色。","features":[{"type":"Feature","properties":{"sys":"tra_sched","lineId":"縱貫線北段","lineKey":"tra_sched|縱貫線北段","name":"基隆","color":"#2E6FB0","colorDark":"#1c3857","colorFaintLight":"#adc1d1","colorFaintDark":"#17283d","colorFaintSat":"#264449","colorHiddenLight":"#cfd6d9","colorHiddenDark":"#141f2e","colorHiddenSat":"#253f3c","colorFollowDark":"#234c78"},"geometry":{"type":"Point","coordinates":[121.73923,25.133032]}},{"type":"Feature","properties":{"sys":"tra_sched","lineId":"縱貫線北段","lineKey":"tra_sched|縱貫線北段","name":"三坑","color":"#2E6FB0","colorDark":"#1c3857","colorFaintLight":"#adc1d1","colorFaintDark":"#17283d","colorFaintSat":"#264449","colorHiddenLight":"#cfd6d9","colorHiddenDark":"#141f2e","colorHiddenSat":"#253f3c","colorFollowDark":"#234c78"},"geometry":{"type":"Point","coordinates":[121.742098,25.122217]}},{"type":"Feature","properties":{"sys":"tra_sched","lineId":"縱貫線北段","lineKey":"tra_sched|縱貫線北段","name":"八堵","color":"#2E6FB0","colorDark":"#1c3857","colorFaintLight":"#adc1d1","colorFaintDark":"#17283d","colorFaintSat":"#264449","colorHiddenLight":"#cfd6d9","colorHiddenDark":"#141f2e","colorHiddenSat":"#253f3c","colorFollowDark":"#234c78"},"geometry":{"type":"Point","coordinates":[121.729007,25.108495]}},{"type":"Feature","properties":{"sys":"tra_sched","lineId":"縱貫線北段","lineKey":"tra_sched|縱貫線北段","name":"七堵","color":"#2E6FB0","colorDark":"#1c3857","colorFaintLight":"#adc1d1","colorFaintDark":"#17283d","colorFaintSat":"#264449","colorHiddenLight":"#cfd6d9","colorHiddenDark":"#141f2e","colorHiddenSat":"#253f3c","colorFollowDark":"#234c78"},"geometry":{"type":"Point","coordinates":[121.713857,25.092975]}},{"type":"Feature","properties":{"sys":"tra_sched","lineId":"縱貫線北段","lineKey":"tra_sched|縱貫線北段","name":"百福","color":"#2E6FB0","colorDark":"#1c3857","colorFaintLight":"#adc1d1","colorFaintDark":"#17283d","colorFaintSat":"#264449","colorHiddenLight":"#cfd6d9","colorHiddenDark":"#141f2e","colorHiddenSat":"#253f3c","colorFollowDark":"#234c78"},"geometry":{"type":"Point","coordinates":[121.69379,25.07795]}},{"type":"Feature","properties":{"sys":"tra_sched","lineId":"縱貫線北段","lineKey":"tra_sched|縱貫線北段","name":"五堵","color":"#2E6FB0","colorDark":"#1c3857","colorFaintLight":"#adc1d1","colorFaintDark":"#17283d","colorFaintSat":"#264449","colorHiddenLight":"#cfd6d9","colorHiddenDark":"#141f2e","colorHiddenSat":"#253f3c","colorFollowDark":"#234c78"},"geometry":{"type":"Point","coordinates":[121.667631,25.077905]}},{"type":"Feature","properties":{"sys":"tra_sched","lineId":"縱貫線北段","lineKey":"tra_sched|縱貫線北段","name":"汐止","color":"#2E6FB0","colorDark":"#1c3857","colorFaintLight":"#adc1d1","colorFaintDark":"#17283d","colorFaintSat":"#264449","colorHiddenLight":"#cfd6d9","colorHiddenDark":"#141f2e","colorHiddenSat":"#253f3c","colorFollowDark":"#234c78"},"geometry":{"type":"Point","coordinates":[121.660685,25.067421]}},{"type":"Feature","properties":{"sys":"tra_sched","lineId":"縱貫線北段","lineKey":"tra_sched|縱貫線北段","name":"汐科","color":"#2E6FB0","colorDark":"#1c3857","colorFaintLight":"#adc1d1","colorFaintDark":"#17283d","colorFaintSat":"#264449","colorHiddenLight":"#cfd6d9","colorHiddenDark":"#141f2e","colorHiddenSat":"#253f3c","colorFollowDark":"#234c78"},"geometry":{"type":"Point","coordinates":[121.649372,25.06288]}},{"type":"Feature","properties":{"sys":"tra_sched","lineId":"縱貫線北段","lineKey":"tra_sched|縱貫線北段","name":"南港","color":"#2E6FB0","colorDark":"#1c3857","colorFaintLight":"#adc1d1","colorFaintDark":"#17283d","colorFaintSat":"#264449","colorHiddenLight":"#cfd6d9","colorHiddenDark":"#141f2e","colorHiddenSat":"#253f3c","colorFollowDark":"#234c78"},"geometry":{"type":"Point","coordinates":[121.607258,25.052869]}},{"type":"Feature","properties":{"sys":"tra_sched","lineId":"縱貫線北段","lineKey":"tra_sched|縱貫線北段","name":"松山","color":"#2E6FB0","colorDark":"#1c3857","colorFaintLight":"#adc1d1","colorFaintDark":"#17283d","colorFaintSat":"#264449","colorHiddenLight":"#cfd6d9","colorHiddenDark":"#141f2e","colorHiddenSat":"#253f3c","colorFollowDark":"#234c78"},"geometry":{"type":"Point","coordinates":[121.578164,25.049154]}},{"type":"Feature","properties":{"sys":"tra_sched","lineId":"縱貫線北段","lineKey":"tra_sched|縱貫線北段","name":"臺北","color":"#2E6FB0","colorDark":"#1c3857","colorFaintLight":"#adc1d1","colorFaintDark":"#17283d","colorFaintSat":"#264449","colorHiddenLight":"#cfd6d9","colorHiddenDark":"#141f2e","colorHiddenSat":"#253f3c","colorFollowDark":"#234c78"},"geometry":{"type":"Point","coordinates":[121.517005,25.047931]}},{"type":"Feature","properties":{"sys":"tra_sched","lineId":"縱貫線北段","lineKey":"tra_sched|縱貫線北段","name":"萬華","color":"#2E6FB0","colorDark":"#1c3857","colorFaintLight":"#adc1d1","colorFaintDark":"#17283d","colorFaintSat":"#264449","colorHiddenLight":"#cfd6d9","colorHiddenDark":"#141f2e","colorHiddenSat":"#253f3c","colorFollowDark":"#234c78"},"geometry":{"type":"Point","coordinates":[121.499927,25.03344]}},{"type":"Feature","properties":{"sys":"tra_sched","lineId":"縱貫線北段","lineKey":"tra_sched|縱貫線北段","name":"板橋","color":"#2E6FB0","colorDark":"#1c3857","colorFaintLight":"#adc1d1","colorFaintDark":"#17283d","colorFaintSat":"#264449","colorHiddenLight":"#cfd6d9","colorHiddenDark":"#141f2e","colorHiddenSat":"#253f3c","colorFollowDark":"#234c78"},"geometry":{"type":"Point","coordinates":[121.464128,25.01381]}},{"type":"Feature","properties":{"sys":"tra_sched","lineId":"縱貫線北段","lineKey":"tra_sched|縱貫線北段","name":"浮洲","color":"#2E6FB0","colorDark":"#1c3857","colorFaintLight":"#adc1d1","colorFaintDark":"#17283d","colorFaintSat":"#264449","colorHiddenLight":"#cfd6d9","colorHiddenDark":"#141f2e","colorHiddenSat":"#253f3c","colorFollowDark":"#234c78"},"geometry":{"type":"Point","coordinates":[121.444762,25.004192]}},{"type":"Feature","properties":{"sys":"tra_sched","lineId":"縱貫線北段","lineKey":"tra_sched|縱貫線北段","name":"樹林","color":"#2E6FB0","colorDark":"#1c3857","colorFaintLight":"#adc1d1","colorFaintDark":"#17283d","colorFaintSat":"#264449","colorHiddenLight":"#cfd6d9","colorHiddenDark":"#141f2e","colorHiddenSat":"#253f3c","colorFollowDark":"#234c78"},"geometry":{"type":"Point","coordinates":[121.424535,24.991216]}},{"type":"Feature","properties":{"sys":"tra_sched","lineId":"縱貫線北段","lineKey":"tra_sched|縱貫線北段","name":"南樹林","color":"#2E6FB0","colorDark":"#1c3857","colorFaintLight":"#adc1d1","colorFaintDark":"#17283d","colorFaintSat":"#264449","colorHiddenLight":"#cfd6d9","colorHiddenDark":"#141f2e","colorHiddenSat":"#253f3c","colorFollowDark":"#234c78"},"geometry":{"type":"Point","coordinates":[121.40884,24.98044]}},{"type":"Feature","properties":{"sys":"tra_sched","lineId":"縱貫線北段","lineKey":"tra_sched|縱貫線北段","name":"山佳","color":"#2E6FB0","colorDark":"#1c3857","colorFaintLight":"#adc1d1","colorFaintDark":"#17283d","colorFaintSat":"#264449","colorHiddenLight":"#cfd6d9","colorHiddenDark":"#141f2e","colorHiddenSat":"#253f3c","colorFollowDark":"#234c78"},"geometry":{"type":"Point","coordinates":[121.392587,24.972689]}},{"type":"Feature","properties":{"sys":"tra_sched","lineId":"縱貫線北段","lineKey":"tra_sched|縱貫線北段","name":"鶯歌","color":"#2E6FB0","colorDark":"#1c3857","colorFaintLight":"#adc1d1","colorFaintDark":"#17283d","colorFaintSat":"#264449","colorHiddenLight":"#cfd6d9","colorHiddenDark":"#141f2e","colorHiddenSat":"#253f3c","colorFollowDark":"#234c78"},"geometry":{"type":"Point","coordinates":[121.355161,24.954543]}},{"type":"Feature","properties":{"sys":"tra_sched","lineId":"縱貫線北段","lineKey":"tra_sched|縱貫線北段","name":"鳳鳴","color":"#2E6FB0","colorDark":"#1c3857","colorFaintLight":"#adc1d1","colorFaintDark":"#17283d","colorFaintSat":"#264449","colorHiddenLight":"#cfd6d9","colorHiddenDark":"#141f2e","colorHiddenSat":"#253f3c","colorFollowDark":"#234c78"},"geometry":{"type":"Point","coordinates":[121.336797,24.972497]}},{"type":"Feature","properties":{"sys":"tra_sched","lineId":"縱貫線北段","lineKey":"tra_sched|縱貫線北段","name":"桃園","color":"#2E6FB0","colorDark":"#1c3857","colorFaintLight":"#adc1d1","colorFaintDark":"#17283d","colorFaintSat":"#264449","colorHiddenLight":"#cfd6d9","colorHiddenDark":"#141f2e","colorHiddenSat":"#253f3c","colorFollowDark":"#234c78"},"geometry":{"type":"Point","coordinates":[121.313777,24.988726]}},{"type":"Feature","properties":{"sys":"tra_sched","lineId":"縱貫線北段","lineKey":"tra_sched|縱貫線北段","name":"內壢","color":"#2E6FB0","colorDark":"#1c3857","colorFaintLight":"#adc1d1","colorFaintDark":"#17283d","colorFaintSat":"#264449","colorHiddenLight":"#cfd6d9","colorHiddenDark":"#141f2e","colorHiddenSat":"#253f3c","colorFollowDark":"#234c78"},"geometry":{"type":"Point","coordinates":[121.258353,24.97256]}},{"type":"Feature","properties":{"sys":"tra_sched","lineId":"縱貫線北段","lineKey":"tra_sched|縱貫線北段","name":"中壢","color":"#2E6FB0","colorDark":"#1c3857","colorFaintLight":"#adc1d1","colorFaintDark":"#17283d","colorFaintSat":"#264449","colorHiddenLight":"#cfd6d9","colorHiddenDark":"#141f2e","colorHiddenSat":"#253f3c","colorFollowDark":"#234c78"},"geometry":{"type":"Point","coordinates":[121.22616,24.953317]}},{"type":"Feature","properties":{"sys":"tra_sched","lineId":"縱貫線北段","lineKey":"tra_sched|縱貫線北段","name":"埔心","color":"#2E6FB0","colorDark":"#1c3857","colorFaintLight":"#adc1d1","colorFaintDark":"#17283d","colorFaintSat":"#264449","colorHiddenLight":"#cfd6d9","colorHiddenDark":"#141f2e","colorHiddenSat":"#253f3c","colorFollowDark":"#234c78"},"geometry":{"type":"Point","coordinates":[121.183619,24.919647]}},{"type":"Feature","properties":{"sys":"tra_sched","lineId":"縱貫線北段","lineKey":"tra_sched|縱貫線北段","name":"楊梅","color":"#2E6FB0","colorDark":"#1c3857","colorFaintLight":"#adc1d1","colorFaintDark":"#17283d","colorFaintSat":"#264449","colorHiddenLight":"#cfd6d9","colorHiddenDark":"#141f2e","colorHiddenSat":"#253f3c","colorFollowDark":"#234c78"},"geometry":{"type":"Point","coordinates":[121.146507,24.914352]}},{"type":"Feature","properties":{"sys":"tra_sched","lineId":"縱貫線北段","lineKey":"tra_sched|縱貫線北段","name":"富岡","color":"#2E6FB0","colorDark":"#1c3857","colorFaintLight":"#adc1d1","colorFaintDark":"#17283d","colorFaintSat":"#264449","colorHiddenLight":"#cfd6d9","colorHiddenDark":"#141f2e","colorHiddenSat":"#253f3c","colorFollowDark":"#234c78"},"geometry":{"type":"Point","coordinates":[121.082822,24.93409]}},{"type":"Feature","properties":{"sys":"tra_sched","lineId":"縱貫線北段","lineKey":"tra_sched|縱貫線北段","name":"新富","color":"#2E6FB0","colorDark":"#1c3857","colorFaintLight":"#adc1d1","colorFaintDark":"#17283d","colorFaintSat":"#264449","colorHiddenLight":"#cfd6d9","colorHiddenDark":"#141f2e","colorHiddenSat":"#253f3c","colorFollowDark":"#234c78"},"geometry":{"type":"Point","coordinates":[121.067557,24.931095]}},{"type":"Feature","properties":{"sys":"tra_sched","lineId":"縱貫線北段","lineKey":"tra_sched|縱貫線北段","name":"北湖","color":"#2E6FB0","colorDark":"#1c3857","colorFaintLight":"#adc1d1","colorFaintDark":"#17283d","colorFaintSat":"#264449","colorHiddenLight":"#cfd6d9","colorHiddenDark":"#141f2e","colorHiddenSat":"#253f3c","colorFollowDark":"#234c78"},"geometry":{"type":"Point","coordinates":[121.0559,24.922491]}},{"type":"Feature","properties":{"sys":"tra_sched","lineId":"縱貫線北段","lineKey":"tra_sched|縱貫線北段","name":"湖口","color":"#2E6FB0","colorDark":"#1c3857","colorFaintLight":"#adc1d1","colorFaintDark":"#17283d","colorFaintSat":"#264449","colorHiddenLight":"#cfd6d9","colorHiddenDark":"#141f2e","colorHiddenSat":"#253f3c","colorFollowDark":"#234c78"},"geometry":{"type":"Point","coordinates":[121.043748,24.902802]}},{"type":"Feature","properties":{"sys":"tra_sched","lineId":"縱貫線北段","lineKey":"tra_sched|縱貫線北段","name":"新豐","color":"#2E6FB0","colorDark":"#1c3857","colorFaintLight":"#adc1d1","colorFaintDark":"#17283d","colorFaintSat":"#264449","colorHiddenLight":"#cfd6d9","colorHiddenDark":"#141f2e","colorHiddenSat":"#253f3c","colorFollowDark":"#234c78"},"geometry":{"type":"Point","coordinates":[120.996534,24.869277]}},{"type":"Feature","properties":{"sys":"tra_sched","lineId":"縱貫線北段","lineKey":"tra_sched|縱貫線北段","name":"竹北","color":"#2E6FB0","colorDark":"#1c3857","colorFaintLight":"#adc1d1","colorFaintDark":"#17283d","colorFaintSat":"#264449","colorHiddenLight":"#cfd6d9","colorHiddenDark":"#141f2e","colorHiddenSat":"#253f3c","colorFollowDark":"#234c78"},"geometry":{"type":"Point","coordinates":[121.009235,24.839173]}},{"type":"Feature","properties":{"sys":"tra_sched","lineId":"縱貫線北段","lineKey":"tra_sched|縱貫線北段","name":"北新竹","color":"#2E6FB0","colorDark":"#1c3857","colorFaintLight":"#adc1d1","colorFaintDark":"#17283d","colorFaintSat":"#264449","colorHiddenLight":"#cfd6d9","colorHiddenDark":"#141f2e","colorHiddenSat":"#253f3c","colorFollowDark":"#234c78"},"geometry":{"type":"Point","coordinates":[120.98379,24.80863]}},{"type":"Feature","properties":{"sys":"tra_sched","lineId":"縱貫線北段","lineKey":"tra_sched|縱貫線北段","name":"新竹","color":"#2E6FB0","colorDark":"#1c3857","colorFaintLight":"#adc1d1","colorFaintDark":"#17283d","colorFaintSat":"#264449","colorHiddenLight":"#cfd6d9","colorHiddenDark":"#141f2e","colorHiddenSat":"#253f3c","colorFollowDark":"#234c78"},"geometry":{"type":"Point","coordinates":[120.971678,24.801403]}},{"type":"Feature","properties":{"sys":"tra_sched","lineId":"縱貫線北段","lineKey":"tra_sched|縱貫線北段","name":"三姓橋","color":"#2E6FB0","colorDark":"#1c3857","colorFaintLight":"#adc1d1","colorFaintDark":"#17283d","colorFaintSat":"#264449","colorHiddenLight":"#cfd6d9","colorHiddenDark":"#141f2e","colorHiddenSat":"#253f3c","colorFollowDark":"#234c78"},"geometry":{"type":"Point","coordinates":[120.92822,24.787232]}},{"type":"Feature","properties":{"sys":"tra_sched","lineId":"縱貫線北段","lineKey":"tra_sched|縱貫線北段","name":"香山","color":"#2E6FB0","colorDark":"#1c3857","colorFaintLight":"#adc1d1","colorFaintDark":"#17283d","colorFaintSat":"#264449","colorHiddenLight":"#cfd6d9","colorHiddenDark":"#141f2e","colorHiddenSat":"#253f3c","colorFollowDark":"#234c78"},"geometry":{"type":"Point","coordinates":[120.91407,24.762919]}},{"type":"Feature","properties":{"sys":"tra_sched","lineId":"縱貫線北段","lineKey":"tra_sched|縱貫線北段","name":"崎頂","color":"#2E6FB0","colorDark":"#1c3857","colorFaintLight":"#adc1d1","colorFaintDark":"#17283d","colorFaintSat":"#264449","colorHiddenLight":"#cfd6d9","colorHiddenDark":"#141f2e","colorHiddenSat":"#253f3c","colorFollowDark":"#234c78"},"geometry":{"type":"Point","coordinates":[120.87174,24.723075]}},{"type":"Feature","properties":{"sys":"tra_sched","lineId":"縱貫線北段","lineKey":"tra_sched|縱貫線北段","name":"竹南","color":"#2E6FB0","colorDark":"#1c3857","colorFaintLight":"#adc1d1","colorFaintDark":"#17283d","colorFaintSat":"#264449","colorHiddenLight":"#cfd6d9","colorHiddenDark":"#141f2e","colorHiddenSat":"#253f3c","colorFollowDark":"#234c78"},"geometry":{"type":"Point","coordinates":[120.880749,24.68656]}},{"type":"Feature","properties":{"sys":"tra_sched","lineId":"山線","lineKey":"tra_sched|山線","name":"竹南","color":"#E8792B","colorDark":"#663c22","colorFaintLight":"#efc4a2","colorFaintDark":"#402a1f","colorFaintSat":"#4f462c","colorHiddenLight":"#f0d8c1","colorHiddenDark":"#2a201e","colorHiddenSat":"#3c402c","colorFollowDark":"#965325"},"geometry":{"type":"Point","coordinates":[120.880749,24.68656]}},{"type":"Feature","properties":{"sys":"tra_sched","lineId":"山線","lineKey":"tra_sched|山線","name":"造橋","color":"#E8792B","colorDark":"#663c22","colorFaintLight":"#efc4a2","colorFaintDark":"#402a1f","colorFaintSat":"#4f462c","colorHiddenLight":"#f0d8c1","colorHiddenDark":"#2a201e","colorHiddenSat":"#3c402c","colorFollowDark":"#965325"},"geometry":{"type":"Point","coordinates":[120.867435,24.641736]}},{"type":"Feature","properties":{"sys":"tra_sched","lineId":"山線","lineKey":"tra_sched|山線","name":"豐富","color":"#E8792B","colorDark":"#663c22","colorFaintLight":"#efc4a2","colorFaintDark":"#402a1f","colorFaintSat":"#4f462c","colorHiddenLight":"#f0d8c1","colorHiddenDark":"#2a201e","colorHiddenSat":"#3c402c","colorFollowDark":"#965325"},"geometry":{"type":"Point","coordinates":[120.826295,24.604399]}},{"type":"Feature","properties":{"sys":"tra_sched","lineId":"山線","lineKey":"tra_sched|山線","name":"苗栗","color":"#E8792B","colorDark":"#663c22","colorFaintLight":"#efc4a2","colorFaintDark":"#402a1f","colorFaintSat":"#4f462c","colorHiddenLight":"#f0d8c1","colorHiddenDark":"#2a201e","colorHiddenSat":"#3c402c","colorFollowDark":"#965325"},"geometry":{"type":"Point","coordinates":[120.822265,24.569232]}},{"type":"Feature","properties":{"sys":"tra_sched","lineId":"山線","lineKey":"tra_sched|山線","name":"南勢","color":"#E8792B","colorDark":"#663c22","colorFaintLight":"#efc4a2","colorFaintDark":"#402a1f","colorFaintSat":"#4f462c","colorHiddenLight":"#f0d8c1","colorHiddenDark":"#2a201e","colorHiddenSat":"#3c402c","colorFollowDark":"#965325"},"geometry":{"type":"Point","coordinates":[120.791428,24.522633]}},{"type":"Feature","properties":{"sys":"tra_sched","lineId":"山線","lineKey":"tra_sched|山線","name":"銅鑼","color":"#E8792B","colorDark":"#663c22","colorFaintLight":"#efc4a2","colorFaintDark":"#402a1f","colorFaintSat":"#4f462c","colorHiddenLight":"#f0d8c1","colorHiddenDark":"#2a201e","colorHiddenSat":"#3c402c","colorFollowDark":"#965325"},"geometry":{"type":"Point","coordinates":[120.786007,24.486325]}},{"type":"Feature","properties":{"sys":"tra_sched","lineId":"山線","lineKey":"tra_sched|山線","name":"三義","color":"#E8792B","colorDark":"#663c22","colorFaintLight":"#efc4a2","colorFaintDark":"#402a1f","colorFaintSat":"#4f462c","colorHiddenLight":"#f0d8c1","colorHiddenDark":"#2a201e","colorHiddenSat":"#3c402c","colorFollowDark":"#965325"},"geometry":{"type":"Point","coordinates":[120.774238,24.420567]}},{"type":"Feature","properties":{"sys":"tra_sched","lineId":"山線","lineKey":"tra_sched|山線","name":"泰安","color":"#E8792B","colorDark":"#663c22","colorFaintLight":"#efc4a2","colorFaintDark":"#402a1f","colorFaintSat":"#4f462c","colorHiddenLight":"#f0d8c1","colorHiddenDark":"#2a201e","colorHiddenSat":"#3c402c","colorFollowDark":"#965325"},"geometry":{"type":"Point","coordinates":[120.74181,24.33146]}},{"type":"Feature","properties":{"sys":"tra_sched","lineId":"山線","lineKey":"tra_sched|山線","name":"后里","color":"#E8792B","colorDark":"#663c22","colorFaintLight":"#efc4a2","colorFaintDark":"#402a1f","colorFaintSat":"#4f462c","colorHiddenLight":"#f0d8c1","colorHiddenDark":"#2a201e","colorHiddenSat":"#3c402c","colorFollowDark":"#965325"},"geometry":{"type":"Point","coordinates":[120.733107,24.309206]}},{"type":"Feature","properties":{"sys":"tra_sched","lineId":"山線","lineKey":"tra_sched|山線","name":"豐原","color":"#E8792B","colorDark":"#663c22","colorFaintLight":"#efc4a2","colorFaintDark":"#402a1f","colorFaintSat":"#4f462c","colorHiddenLight":"#f0d8c1","colorHiddenDark":"#2a201e","colorHiddenSat":"#3c402c","colorFollowDark":"#965325"},"geometry":{"type":"Point","coordinates":[120.723684,24.254542]}},{"type":"Feature","properties":{"sys":"tra_sched","lineId":"山線","lineKey":"tra_sched|山線","name":"栗林","color":"#E8792B","colorDark":"#663c22","colorFaintLight":"#efc4a2","colorFaintDark":"#402a1f","colorFaintSat":"#4f462c","colorHiddenLight":"#f0d8c1","colorHiddenDark":"#2a201e","colorHiddenSat":"#3c402c","colorFollowDark":"#965325"},"geometry":{"type":"Point","coordinates":[120.710628,24.2346]}},{"type":"Feature","properties":{"sys":"tra_sched","lineId":"山線","lineKey":"tra_sched|山線","name":"潭子","color":"#E8792B","colorDark":"#663c22","colorFaintLight":"#efc4a2","colorFaintDark":"#402a1f","colorFaintSat":"#4f462c","colorHiddenLight":"#f0d8c1","colorHiddenDark":"#2a201e","colorHiddenSat":"#3c402c","colorFollowDark":"#965325"},"geometry":{"type":"Point","coordinates":[120.705865,24.212502]}},{"type":"Feature","properties":{"sys":"tra_sched","lineId":"山線","lineKey":"tra_sched|山線","name":"頭家厝","color":"#E8792B","colorDark":"#663c22","colorFaintLight":"#efc4a2","colorFaintDark":"#402a1f","colorFaintSat":"#4f462c","colorHiddenLight":"#f0d8c1","colorHiddenDark":"#2a201e","colorHiddenSat":"#3c402c","colorFollowDark":"#965325"},"geometry":{"type":"Point","coordinates":[120.703942,24.195261]}},{"type":"Feature","properties":{"sys":"tra_sched","lineId":"山線","lineKey":"tra_sched|山線","name":"松竹","color":"#E8792B","colorDark":"#663c22","colorFaintLight":"#efc4a2","colorFaintDark":"#402a1f","colorFaintSat":"#4f462c","colorHiddenLight":"#f0d8c1","colorHiddenDark":"#2a201e","colorHiddenSat":"#3c402c","colorFollowDark":"#965325"},"geometry":{"type":"Point","coordinates":[120.701955,24.179872]}},{"type":"Feature","properties":{"sys":"tra_sched","lineId":"山線","lineKey":"tra_sched|山線","name":"太原","color":"#E8792B","colorDark":"#663c22","colorFaintLight":"#efc4a2","colorFaintDark":"#402a1f","colorFaintSat":"#4f462c","colorHiddenLight":"#f0d8c1","colorHiddenDark":"#2a201e","colorHiddenSat":"#3c402c","colorFollowDark":"#965325"},"geometry":{"type":"Point","coordinates":[120.699952,24.16419]}},{"type":"Feature","properties":{"sys":"tra_sched","lineId":"山線","lineKey":"tra_sched|山線","name":"精武","color":"#E8792B","colorDark":"#663c22","colorFaintLight":"#efc4a2","colorFaintDark":"#402a1f","colorFaintSat":"#4f462c","colorHiddenLight":"#f0d8c1","colorHiddenDark":"#2a201e","colorHiddenSat":"#3c402c","colorFollowDark":"#965325"},"geometry":{"type":"Point","coordinates":[120.69784,24.14887]}},{"type":"Feature","properties":{"sys":"tra_sched","lineId":"山線","lineKey":"tra_sched|山線","name":"臺中","color":"#E8792B","colorDark":"#663c22","colorFaintLight":"#efc4a2","colorFaintDark":"#402a1f","colorFaintSat":"#4f462c","colorHiddenLight":"#f0d8c1","colorHiddenDark":"#2a201e","colorHiddenSat":"#3c402c","colorFollowDark":"#965325"},"geometry":{"type":"Point","coordinates":[120.686867,24.137066]}},{"type":"Feature","properties":{"sys":"tra_sched","lineId":"山線","lineKey":"tra_sched|山線","name":"五權","color":"#E8792B","colorDark":"#663c22","colorFaintLight":"#efc4a2","colorFaintDark":"#402a1f","colorFaintSat":"#4f462c","colorHiddenLight":"#f0d8c1","colorHiddenDark":"#2a201e","colorHiddenSat":"#3c402c","colorFollowDark":"#965325"},"geometry":{"type":"Point","coordinates":[120.666686,24.128809]}},{"type":"Feature","properties":{"sys":"tra_sched","lineId":"山線","lineKey":"tra_sched|山線","name":"大慶","color":"#E8792B","colorDark":"#663c22","colorFaintLight":"#efc4a2","colorFaintDark":"#402a1f","colorFaintSat":"#4f462c","colorHiddenLight":"#f0d8c1","colorHiddenDark":"#2a201e","colorHiddenSat":"#3c402c","colorFollowDark":"#965325"},"geometry":{"type":"Point","coordinates":[120.648774,24.119425]}},{"type":"Feature","properties":{"sys":"tra_sched","lineId":"山線","lineKey":"tra_sched|山線","name":"烏日","color":"#E8792B","colorDark":"#663c22","colorFaintLight":"#efc4a2","colorFaintDark":"#402a1f","colorFaintSat":"#4f462c","colorHiddenLight":"#f0d8c1","colorHiddenDark":"#2a201e","colorHiddenSat":"#3c402c","colorFollowDark":"#965325"},"geometry":{"type":"Point","coordinates":[120.622407,24.108912]}},{"type":"Feature","properties":{"sys":"tra_sched","lineId":"山線","lineKey":"tra_sched|山線","name":"新烏日","color":"#E8792B","colorDark":"#663c22","colorFaintLight":"#efc4a2","colorFaintDark":"#402a1f","colorFaintSat":"#4f462c","colorHiddenLight":"#f0d8c1","colorHiddenDark":"#2a201e","colorHiddenSat":"#3c402c","colorFollowDark":"#965325"},"geometry":{"type":"Point","coordinates":[120.614252,24.109784]}},{"type":"Feature","properties":{"sys":"tra_sched","lineId":"山線","lineKey":"tra_sched|山線","name":"成功","color":"#E8792B","colorDark":"#663c22","colorFaintLight":"#efc4a2","colorFaintDark":"#402a1f","colorFaintSat":"#4f462c","colorHiddenLight":"#f0d8c1","colorHiddenDark":"#2a201e","colorHiddenSat":"#3c402c","colorFollowDark":"#965325"},"geometry":{"type":"Point","coordinates":[120.59021,24.11424]}},{"type":"Feature","properties":{"sys":"tra_sched","lineId":"山線","lineKey":"tra_sched|山線","name":"彰化","color":"#E8792B","colorDark":"#663c22","colorFaintLight":"#efc4a2","colorFaintDark":"#402a1f","colorFaintSat":"#4f462c","colorHiddenLight":"#f0d8c1","colorHiddenDark":"#2a201e","colorHiddenSat":"#3c402c","colorFollowDark":"#965325"},"geometry":{"type":"Point","coordinates":[120.538205,24.081673]}},{"type":"Feature","properties":{"sys":"tra_sched","lineId":"海線","lineKey":"tra_sched|海線","name":"竹南","color":"#3AA76D","colorDark":"#214f3c","colorFaintLight":"#b2d5b9","colorFaintDark":"#19342e","colorFaintSat":"#29503a","colorHiddenLight":"#d1e0cd","colorHiddenDark":"#152626","colorHiddenSat":"#274534","colorFollowDark":"#2a6f4e"},"geometry":{"type":"Point","coordinates":[120.880749,24.68656]}},{"type":"Feature","properties":{"sys":"tra_sched","lineId":"海線","lineKey":"tra_sched|海線","name":"談文","color":"#3AA76D","colorDark":"#214f3c","colorFaintLight":"#b2d5b9","colorFaintDark":"#19342e","colorFaintSat":"#29503a","colorHiddenLight":"#d1e0cd","colorHiddenDark":"#152626","colorHiddenSat":"#274534","colorFollowDark":"#2a6f4e"},"geometry":{"type":"Point","coordinates":[120.858225,24.656555]}},{"type":"Feature","properties":{"sys":"tra_sched","lineId":"海線","lineKey":"tra_sched|海線","name":"大山","color":"#3AA76D","colorDark":"#214f3c","colorFaintLight":"#b2d5b9","colorFaintDark":"#19342e","colorFaintSat":"#29503a","colorHiddenLight":"#d1e0cd","colorHiddenDark":"#152626","colorHiddenSat":"#274534","colorFollowDark":"#2a6f4e"},"geometry":{"type":"Point","coordinates":[120.80363,24.645692]}},{"type":"Feature","properties":{"sys":"tra_sched","lineId":"海線","lineKey":"tra_sched|海線","name":"後龍","color":"#3AA76D","colorDark":"#214f3c","colorFaintLight":"#b2d5b9","colorFaintDark":"#19342e","colorFaintSat":"#29503a","colorHiddenLight":"#d1e0cd","colorHiddenDark":"#152626","colorHiddenSat":"#274534","colorFollowDark":"#2a6f4e"},"geometry":{"type":"Point","coordinates":[120.787224,24.616249]}},{"type":"Feature","properties":{"sys":"tra_sched","lineId":"海線","lineKey":"tra_sched|海線","name":"龍港","color":"#3AA76D","colorDark":"#214f3c","colorFaintLight":"#b2d5b9","colorFaintDark":"#19342e","colorFaintSat":"#29503a","colorHiddenLight":"#d1e0cd","colorHiddenDark":"#152626","colorHiddenSat":"#274534","colorFollowDark":"#2a6f4e"},"geometry":{"type":"Point","coordinates":[120.758119,24.611907]}},{"type":"Feature","properties":{"sys":"tra_sched","lineId":"海線","lineKey":"tra_sched|海線","name":"白沙屯","color":"#3AA76D","colorDark":"#214f3c","colorFaintLight":"#b2d5b9","colorFaintDark":"#19342e","colorFaintSat":"#29503a","colorHiddenLight":"#d1e0cd","colorHiddenDark":"#152626","colorHiddenSat":"#274534","colorFollowDark":"#2a6f4e"},"geometry":{"type":"Point","coordinates":[120.707945,24.564931]}},{"type":"Feature","properties":{"sys":"tra_sched","lineId":"海線","lineKey":"tra_sched|海線","name":"新埔","color":"#3AA76D","colorDark":"#214f3c","colorFaintLight":"#b2d5b9","colorFaintDark":"#19342e","colorFaintSat":"#29503a","colorHiddenLight":"#d1e0cd","colorHiddenDark":"#152626","colorHiddenSat":"#274534","colorFollowDark":"#2a6f4e"},"geometry":{"type":"Point","coordinates":[120.695503,24.540268]}},{"type":"Feature","properties":{"sys":"tra_sched","lineId":"海線","lineKey":"tra_sched|海線","name":"通霄","color":"#3AA76D","colorDark":"#214f3c","colorFaintLight":"#b2d5b9","colorFaintDark":"#19342e","colorFaintSat":"#29503a","colorHiddenLight":"#d1e0cd","colorHiddenDark":"#152626","colorHiddenSat":"#274534","colorFollowDark":"#2a6f4e"},"geometry":{"type":"Point","coordinates":[120.678372,24.49175]}},{"type":"Feature","properties":{"sys":"tra_sched","lineId":"海線","lineKey":"tra_sched|海線","name":"苑裡","color":"#3AA76D","colorDark":"#214f3c","colorFaintLight":"#b2d5b9","colorFaintDark":"#19342e","colorFaintSat":"#29503a","colorHiddenLight":"#d1e0cd","colorHiddenDark":"#152626","colorHiddenSat":"#274534","colorFollowDark":"#2a6f4e"},"geometry":{"type":"Point","coordinates":[120.651208,24.443494]}},{"type":"Feature","properties":{"sys":"tra_sched","lineId":"海線","lineKey":"tra_sched|海線","name":"日南","color":"#3AA76D","colorDark":"#214f3c","colorFaintLight":"#b2d5b9","colorFaintDark":"#19342e","colorFaintSat":"#29503a","colorHiddenLight":"#d1e0cd","colorHiddenDark":"#152626","colorHiddenSat":"#274534","colorFollowDark":"#2a6f4e"},"geometry":{"type":"Point","coordinates":[120.6544,24.377831]}},{"type":"Feature","properties":{"sys":"tra_sched","lineId":"海線","lineKey":"tra_sched|海線","name":"大甲","color":"#3AA76D","colorDark":"#214f3c","colorFaintLight":"#b2d5b9","colorFaintDark":"#19342e","colorFaintSat":"#29503a","colorHiddenLight":"#d1e0cd","colorHiddenDark":"#152626","colorHiddenSat":"#274534","colorFollowDark":"#2a6f4e"},"geometry":{"type":"Point","coordinates":[120.62729,24.344254]}},{"type":"Feature","properties":{"sys":"tra_sched","lineId":"海線","lineKey":"tra_sched|海線","name":"臺中港","color":"#3AA76D","colorDark":"#214f3c","colorFaintLight":"#b2d5b9","colorFaintDark":"#19342e","colorFaintSat":"#29503a","colorHiddenLight":"#d1e0cd","colorHiddenDark":"#152626","colorHiddenSat":"#274534","colorFollowDark":"#2a6f4e"},"geometry":{"type":"Point","coordinates":[120.602681,24.304341]}},{"type":"Feature","properties":{"sys":"tra_sched","lineId":"海線","lineKey":"tra_sched|海線","name":"清水","color":"#3AA76D","colorDark":"#214f3c","colorFaintLight":"#b2d5b9","colorFaintDark":"#19342e","colorFaintSat":"#29503a","colorHiddenLight":"#d1e0cd","colorHiddenDark":"#152626","colorHiddenSat":"#274534","colorFollowDark":"#2a6f4e"},"geometry":{"type":"Point","coordinates":[120.56884,24.263526]}},{"type":"Feature","properties":{"sys":"tra_sched","lineId":"海線","lineKey":"tra_sched|海線","name":"沙鹿","color":"#3AA76D","colorDark":"#214f3c","colorFaintLight":"#b2d5b9","colorFaintDark":"#19342e","colorFaintSat":"#29503a","colorHiddenLight":"#d1e0cd","colorHiddenDark":"#152626","colorHiddenSat":"#274534","colorFollowDark":"#2a6f4e"},"geometry":{"type":"Point","coordinates":[120.557368,24.23713]}},{"type":"Feature","properties":{"sys":"tra_sched","lineId":"海線","lineKey":"tra_sched|海線","name":"龍井","color":"#3AA76D","colorDark":"#214f3c","colorFaintLight":"#b2d5b9","colorFaintDark":"#19342e","colorFaintSat":"#29503a","colorHiddenLight":"#d1e0cd","colorHiddenDark":"#152626","colorHiddenSat":"#274534","colorFollowDark":"#2a6f4e"},"geometry":{"type":"Point","coordinates":[120.543139,24.197532]}},{"type":"Feature","properties":{"sys":"tra_sched","lineId":"海線","lineKey":"tra_sched|海線","name":"大肚","color":"#3AA76D","colorDark":"#214f3c","colorFaintLight":"#b2d5b9","colorFaintDark":"#19342e","colorFaintSat":"#29503a","colorHiddenLight":"#d1e0cd","colorHiddenDark":"#152626","colorHiddenSat":"#274534","colorFollowDark":"#2a6f4e"},"geometry":{"type":"Point","coordinates":[120.542181,24.154332]}},{"type":"Feature","properties":{"sys":"tra_sched","lineId":"海線","lineKey":"tra_sched|海線","name":"追分","color":"#3AA76D","colorDark":"#214f3c","colorFaintLight":"#b2d5b9","colorFaintDark":"#19342e","colorFaintSat":"#29503a","colorHiddenLight":"#d1e0cd","colorHiddenDark":"#152626","colorHiddenSat":"#274534","colorFollowDark":"#2a6f4e"},"geometry":{"type":"Point","coordinates":[120.570124,24.120227]}},{"type":"Feature","properties":{"sys":"tra_sched","lineId":"海線","lineKey":"tra_sched|海線","name":"彰化","color":"#3AA76D","colorDark":"#214f3c","colorFaintLight":"#b2d5b9","colorFaintDark":"#19342e","colorFaintSat":"#29503a","colorHiddenLight":"#d1e0cd","colorHiddenDark":"#152626","colorHiddenSat":"#274534","colorFollowDark":"#2a6f4e"},"geometry":{"type":"Point","coordinates":[120.538205,24.081673]}},{"type":"Feature","properties":{"sys":"tra_sched","lineId":"縱貫線南段","lineKey":"tra_sched|縱貫線南段","name":"彰化","color":"#C0392B","colorDark":"#562322","colorFaintLight":"#e1aea2","colorFaintDark":"#371c1f","colorFaintSat":"#46382c","colorHiddenLight":"#e9cdc1","colorHiddenDark":"#25181e","colorHiddenSat":"#37382c","colorFollowDark":"#7d2b25"},"geometry":{"type":"Point","coordinates":[120.538205,24.081673]}},{"type":"Feature","properties":{"sys":"tra_sched","lineId":"縱貫線南段","lineKey":"tra_sched|縱貫線南段","name":"花壇","color":"#C0392B","colorDark":"#562322","colorFaintLight":"#e1aea2","colorFaintDark":"#371c1f","colorFaintSat":"#46382c","colorHiddenLight":"#e9cdc1","colorHiddenDark":"#25181e","colorHiddenSat":"#37382c","colorFollowDark":"#7d2b25"},"geometry":{"type":"Point","coordinates":[120.537228,24.024992]}},{"type":"Feature","properties":{"sys":"tra_sched","lineId":"縱貫線南段","lineKey":"tra_sched|縱貫線南段","name":"大村","color":"#C0392B","colorDark":"#562322","colorFaintLight":"#e1aea2","colorFaintDark":"#371c1f","colorFaintSat":"#46382c","colorHiddenLight":"#e9cdc1","colorHiddenDark":"#25181e","colorHiddenSat":"#37382c","colorFollowDark":"#7d2b25"},"geometry":{"type":"Point","coordinates":[120.560572,23.990052]}},{"type":"Feature","properties":{"sys":"tra_sched","lineId":"縱貫線南段","lineKey":"tra_sched|縱貫線南段","name":"員林","color":"#C0392B","colorDark":"#562322","colorFaintLight":"#e1aea2","colorFaintDark":"#371c1f","colorFaintSat":"#46382c","colorHiddenLight":"#e9cdc1","colorHiddenDark":"#25181e","colorHiddenSat":"#37382c","colorFollowDark":"#7d2b25"},"geometry":{"type":"Point","coordinates":[120.569632,23.959349]}},{"type":"Feature","properties":{"sys":"tra_sched","lineId":"縱貫線南段","lineKey":"tra_sched|縱貫線南段","name":"永靖","color":"#C0392B","colorDark":"#562322","colorFaintLight":"#e1aea2","colorFaintDark":"#371c1f","colorFaintSat":"#46382c","colorHiddenLight":"#e9cdc1","colorHiddenDark":"#25181e","colorHiddenSat":"#37382c","colorFollowDark":"#7d2b25"},"geometry":{"type":"Point","coordinates":[120.571641,23.928192]}},{"type":"Feature","properties":{"sys":"tra_sched","lineId":"縱貫線南段","lineKey":"tra_sched|縱貫線南段","name":"社頭","color":"#C0392B","colorDark":"#562322","colorFaintLight":"#e1aea2","colorFaintDark":"#371c1f","colorFaintSat":"#46382c","colorHiddenLight":"#e9cdc1","colorHiddenDark":"#25181e","colorHiddenSat":"#37382c","colorFollowDark":"#7d2b25"},"geometry":{"type":"Point","coordinates":[120.580485,23.895825]}},{"type":"Feature","properties":{"sys":"tra_sched","lineId":"縱貫線南段","lineKey":"tra_sched|縱貫線南段","name":"田中","color":"#C0392B","colorDark":"#562322","colorFaintLight":"#e1aea2","colorFaintDark":"#371c1f","colorFaintSat":"#46382c","colorHiddenLight":"#e9cdc1","colorHiddenDark":"#25181e","colorHiddenSat":"#37382c","colorFollowDark":"#7d2b25"},"geometry":{"type":"Point","coordinates":[120.591569,23.858369]}},{"type":"Feature","properties":{"sys":"tra_sched","lineId":"縱貫線南段","lineKey":"tra_sched|縱貫線南段","name":"二水","color":"#C0392B","colorDark":"#562322","colorFaintLight":"#e1aea2","colorFaintDark":"#371c1f","colorFaintSat":"#46382c","colorHiddenLight":"#e9cdc1","colorHiddenDark":"#25181e","colorHiddenSat":"#37382c","colorFollowDark":"#7d2b25"},"geometry":{"type":"Point","coordinates":[120.6184,23.813291]}},{"type":"Feature","properties":{"sys":"tra_sched","lineId":"縱貫線南段","lineKey":"tra_sched|縱貫線南段","name":"林內","color":"#C0392B","colorDark":"#562322","colorFaintLight":"#e1aea2","colorFaintDark":"#371c1f","colorFaintSat":"#46382c","colorHiddenLight":"#e9cdc1","colorHiddenDark":"#25181e","colorHiddenSat":"#37382c","colorFollowDark":"#7d2b25"},"geometry":{"type":"Point","coordinates":[120.614563,23.759775]}},{"type":"Feature","properties":{"sys":"tra_sched","lineId":"縱貫線南段","lineKey":"tra_sched|縱貫線南段","name":"石榴","color":"#C0392B","colorDark":"#562322","colorFaintLight":"#e1aea2","colorFaintDark":"#371c1f","colorFaintSat":"#46382c","colorHiddenLight":"#e9cdc1","colorHiddenDark":"#25181e","colorHiddenSat":"#37382c","colorFollowDark":"#7d2b25"},"geometry":{"type":"Point","coordinates":[120.579796,23.731738]}},{"type":"Feature","properties":{"sys":"tra_sched","lineId":"縱貫線南段","lineKey":"tra_sched|縱貫線南段","name":"斗六","color":"#C0392B","colorDark":"#562322","colorFaintLight":"#e1aea2","colorFaintDark":"#371c1f","colorFaintSat":"#46382c","colorHiddenLight":"#e9cdc1","colorHiddenDark":"#25181e","colorHiddenSat":"#37382c","colorFollowDark":"#7d2b25"},"geometry":{"type":"Point","coordinates":[120.541155,23.711808]}},{"type":"Feature","properties":{"sys":"tra_sched","lineId":"縱貫線南段","lineKey":"tra_sched|縱貫線南段","name":"斗南","color":"#C0392B","colorDark":"#562322","colorFaintLight":"#e1aea2","colorFaintDark":"#371c1f","colorFaintSat":"#46382c","colorHiddenLight":"#e9cdc1","colorHiddenDark":"#25181e","colorHiddenSat":"#37382c","colorFollowDark":"#7d2b25"},"geometry":{"type":"Point","coordinates":[120.481102,23.672698]}},{"type":"Feature","properties":{"sys":"tra_sched","lineId":"縱貫線南段","lineKey":"tra_sched|縱貫線南段","name":"石龜","color":"#C0392B","colorDark":"#562322","colorFaintLight":"#e1aea2","colorFaintDark":"#371c1f","colorFaintSat":"#46382c","colorHiddenLight":"#e9cdc1","colorHiddenDark":"#25181e","colorHiddenSat":"#37382c","colorFollowDark":"#7d2b25"},"geometry":{"type":"Point","coordinates":[120.470958,23.639562]}},{"type":"Feature","properties":{"sys":"tra_sched","lineId":"縱貫線南段","lineKey":"tra_sched|縱貫線南段","name":"大林","color":"#C0392B","colorDark":"#562322","colorFaintLight":"#e1aea2","colorFaintDark":"#371c1f","colorFaintSat":"#46382c","colorHiddenLight":"#e9cdc1","colorHiddenDark":"#25181e","colorHiddenSat":"#37382c","colorFollowDark":"#7d2b25"},"geometry":{"type":"Point","coordinates":[120.455979,23.600814]}},{"type":"Feature","properties":{"sys":"tra_sched","lineId":"縱貫線南段","lineKey":"tra_sched|縱貫線南段","name":"民雄","color":"#C0392B","colorDark":"#562322","colorFaintLight":"#e1aea2","colorFaintDark":"#371c1f","colorFaintSat":"#46382c","colorHiddenLight":"#e9cdc1","colorHiddenDark":"#25181e","colorHiddenSat":"#37382c","colorFollowDark":"#7d2b25"},"geometry":{"type":"Point","coordinates":[120.431682,23.555228]}},{"type":"Feature","properties":{"sys":"tra_sched","lineId":"縱貫線南段","lineKey":"tra_sched|縱貫線南段","name":"嘉北","color":"#C0392B","colorDark":"#562322","colorFaintLight":"#e1aea2","colorFaintDark":"#371c1f","colorFaintSat":"#46382c","colorHiddenLight":"#e9cdc1","colorHiddenDark":"#25181e","colorHiddenSat":"#37382c","colorFollowDark":"#7d2b25"},"geometry":{"type":"Point","coordinates":[120.448423,23.499842]}},{"type":"Feature","properties":{"sys":"tra_sched","lineId":"縱貫線南段","lineKey":"tra_sched|縱貫線南段","name":"嘉義","color":"#C0392B","colorDark":"#562322","colorFaintLight":"#e1aea2","colorFaintDark":"#371c1f","colorFaintSat":"#46382c","colorHiddenLight":"#e9cdc1","colorHiddenDark":"#25181e","colorHiddenSat":"#37382c","colorFollowDark":"#7d2b25"},"geometry":{"type":"Point","coordinates":[120.441584,23.479904]}},{"type":"Feature","properties":{"sys":"tra_sched","lineId":"縱貫線南段","lineKey":"tra_sched|縱貫線南段","name":"水上","color":"#C0392B","colorDark":"#562322","colorFaintLight":"#e1aea2","colorFaintDark":"#371c1f","colorFaintSat":"#46382c","colorHiddenLight":"#e9cdc1","colorHiddenDark":"#25181e","colorHiddenSat":"#37382c","colorFollowDark":"#7d2b25"},"geometry":{"type":"Point","coordinates":[120.399632,23.433705]}},{"type":"Feature","properties":{"sys":"tra_sched","lineId":"縱貫線南段","lineKey":"tra_sched|縱貫線南段","name":"南靖","color":"#C0392B","colorDark":"#562322","colorFaintLight":"#e1aea2","colorFaintDark":"#371c1f","colorFaintSat":"#46382c","colorHiddenLight":"#e9cdc1","colorHiddenDark":"#25181e","colorHiddenSat":"#37382c","colorFollowDark":"#7d2b25"},"geometry":{"type":"Point","coordinates":[120.386834,23.41319]}},{"type":"Feature","properties":{"sys":"tra_sched","lineId":"縱貫線南段","lineKey":"tra_sched|縱貫線南段","name":"後壁","color":"#C0392B","colorDark":"#562322","colorFaintLight":"#e1aea2","colorFaintDark":"#371c1f","colorFaintSat":"#46382c","colorHiddenLight":"#e9cdc1","colorHiddenDark":"#25181e","colorHiddenSat":"#37382c","colorFollowDark":"#7d2b25"},"geometry":{"type":"Point","coordinates":[120.360352,23.366149]}},{"type":"Feature","properties":{"sys":"tra_sched","lineId":"縱貫線南段","lineKey":"tra_sched|縱貫線南段","name":"新營","color":"#C0392B","colorDark":"#562322","colorFaintLight":"#e1aea2","colorFaintDark":"#371c1f","colorFaintSat":"#46382c","colorHiddenLight":"#e9cdc1","colorHiddenDark":"#25181e","colorHiddenSat":"#37382c","colorFollowDark":"#7d2b25"},"geometry":{"type":"Point","coordinates":[120.323338,23.306398]}},{"type":"Feature","properties":{"sys":"tra_sched","lineId":"縱貫線南段","lineKey":"tra_sched|縱貫線南段","name":"柳營","color":"#C0392B","colorDark":"#562322","colorFaintLight":"#e1aea2","colorFaintDark":"#371c1f","colorFaintSat":"#46382c","colorHiddenLight":"#e9cdc1","colorHiddenDark":"#25181e","colorHiddenSat":"#37382c","colorFollowDark":"#7d2b25"},"geometry":{"type":"Point","coordinates":[120.322515,23.277431]}},{"type":"Feature","properties":{"sys":"tra_sched","lineId":"縱貫線南段","lineKey":"tra_sched|縱貫線南段","name":"林鳳營","color":"#C0392B","colorDark":"#562322","colorFaintLight":"#e1aea2","colorFaintDark":"#371c1f","colorFaintSat":"#46382c","colorHiddenLight":"#e9cdc1","colorHiddenDark":"#25181e","colorHiddenSat":"#37382c","colorFollowDark":"#7d2b25"},"geometry":{"type":"Point","coordinates":[120.321134,23.242596]}},{"type":"Feature","properties":{"sys":"tra_sched","lineId":"縱貫線南段","lineKey":"tra_sched|縱貫線南段","name":"隆田","color":"#C0392B","colorDark":"#562322","colorFaintLight":"#e1aea2","colorFaintDark":"#371c1f","colorFaintSat":"#46382c","colorHiddenLight":"#e9cdc1","colorHiddenDark":"#25181e","colorHiddenSat":"#37382c","colorFollowDark":"#7d2b25"},"geometry":{"type":"Point","coordinates":[120.31949,23.192747]}},{"type":"Feature","properties":{"sys":"tra_sched","lineId":"縱貫線南段","lineKey":"tra_sched|縱貫線南段","name":"拔林","color":"#C0392B","colorDark":"#562322","colorFaintLight":"#e1aea2","colorFaintDark":"#371c1f","colorFaintSat":"#46382c","colorHiddenLight":"#e9cdc1","colorHiddenDark":"#25181e","colorHiddenSat":"#37382c","colorFollowDark":"#7d2b25"},"geometry":{"type":"Point","coordinates":[120.321322,23.172789]}},{"type":"Feature","properties":{"sys":"tra_sched","lineId":"縱貫線南段","lineKey":"tra_sched|縱貫線南段","name":"善化","color":"#C0392B","colorDark":"#562322","colorFaintLight":"#e1aea2","colorFaintDark":"#371c1f","colorFaintSat":"#46382c","colorHiddenLight":"#e9cdc1","colorHiddenDark":"#25181e","colorHiddenSat":"#37382c","colorFollowDark":"#7d2b25"},"geometry":{"type":"Point","coordinates":[120.306622,23.133037]}},{"type":"Feature","properties":{"sys":"tra_sched","lineId":"縱貫線南段","lineKey":"tra_sched|縱貫線南段","name":"南科","color":"#C0392B","colorDark":"#562322","colorFaintLight":"#e1aea2","colorFaintDark":"#371c1f","colorFaintSat":"#46382c","colorHiddenLight":"#e9cdc1","colorHiddenDark":"#25181e","colorHiddenSat":"#37382c","colorFollowDark":"#7d2b25"},"geometry":{"type":"Point","coordinates":[120.301968,23.107245]}},{"type":"Feature","properties":{"sys":"tra_sched","lineId":"縱貫線南段","lineKey":"tra_sched|縱貫線南段","name":"新市","color":"#C0392B","colorDark":"#562322","colorFaintLight":"#e1aea2","colorFaintDark":"#371c1f","colorFaintSat":"#46382c","colorHiddenLight":"#e9cdc1","colorHiddenDark":"#25181e","colorHiddenSat":"#37382c","colorFollowDark":"#7d2b25"},"geometry":{"type":"Point","coordinates":[120.289721,23.068223]}},{"type":"Feature","properties":{"sys":"tra_sched","lineId":"縱貫線南段","lineKey":"tra_sched|縱貫線南段","name":"永康","color":"#C0392B","colorDark":"#562322","colorFaintLight":"#e1aea2","colorFaintDark":"#371c1f","colorFaintSat":"#46382c","colorHiddenLight":"#e9cdc1","colorHiddenDark":"#25181e","colorHiddenSat":"#37382c","colorFollowDark":"#7d2b25"},"geometry":{"type":"Point","coordinates":[120.253444,23.038556]}},{"type":"Feature","properties":{"sys":"tra_sched","lineId":"縱貫線南段","lineKey":"tra_sched|縱貫線南段","name":"大橋","color":"#C0392B","colorDark":"#562322","colorFaintLight":"#e1aea2","colorFaintDark":"#371c1f","colorFaintSat":"#46382c","colorHiddenLight":"#e9cdc1","colorHiddenDark":"#25181e","colorHiddenSat":"#37382c","colorFollowDark":"#7d2b25"},"geometry":{"type":"Point","coordinates":[120.224293,23.019376]}},{"type":"Feature","properties":{"sys":"tra_sched","lineId":"縱貫線南段","lineKey":"tra_sched|縱貫線南段","name":"臺南","color":"#C0392B","colorDark":"#562322","colorFaintLight":"#e1aea2","colorFaintDark":"#371c1f","colorFaintSat":"#46382c","colorHiddenLight":"#e9cdc1","colorHiddenDark":"#25181e","colorHiddenSat":"#37382c","colorFollowDark":"#7d2b25"},"geometry":{"type":"Point","coordinates":[120.213043,22.997215]}},{"type":"Feature","properties":{"sys":"tra_sched","lineId":"縱貫線南段","lineKey":"tra_sched|縱貫線南段","name":"保安","color":"#C0392B","colorDark":"#562322","colorFaintLight":"#e1aea2","colorFaintDark":"#371c1f","colorFaintSat":"#46382c","colorHiddenLight":"#e9cdc1","colorHiddenDark":"#25181e","colorHiddenSat":"#37382c","colorFollowDark":"#7d2b25"},"geometry":{"type":"Point","coordinates":[120.231705,22.933044]}},{"type":"Feature","properties":{"sys":"tra_sched","lineId":"縱貫線南段","lineKey":"tra_sched|縱貫線南段","name":"仁德","color":"#C0392B","colorDark":"#562322","colorFaintLight":"#e1aea2","colorFaintDark":"#371c1f","colorFaintSat":"#46382c","colorHiddenLight":"#e9cdc1","colorHiddenDark":"#25181e","colorHiddenSat":"#37382c","colorFollowDark":"#7d2b25"},"geometry":{"type":"Point","coordinates":[120.24054,22.92354]}},{"type":"Feature","properties":{"sys":"tra_sched","lineId":"縱貫線南段","lineKey":"tra_sched|縱貫線南段","name":"中洲","color":"#C0392B","colorDark":"#562322","colorFaintLight":"#e1aea2","colorFaintDark":"#371c1f","colorFaintSat":"#46382c","colorHiddenLight":"#e9cdc1","colorHiddenDark":"#25181e","colorHiddenSat":"#37382c","colorFollowDark":"#7d2b25"},"geometry":{"type":"Point","coordinates":[120.25263,22.903906]}},{"type":"Feature","properties":{"sys":"tra_sched","lineId":"縱貫線南段","lineKey":"tra_sched|縱貫線南段","name":"大湖","color":"#C0392B","colorDark":"#562322","colorFaintLight":"#e1aea2","colorFaintDark":"#371c1f","colorFaintSat":"#46382c","colorHiddenLight":"#e9cdc1","colorHiddenDark":"#25181e","colorHiddenSat":"#37382c","colorFollowDark":"#7d2b25"},"geometry":{"type":"Point","coordinates":[120.254112,22.878341]}},{"type":"Feature","properties":{"sys":"tra_sched","lineId":"縱貫線南段","lineKey":"tra_sched|縱貫線南段","name":"路竹","color":"#C0392B","colorDark":"#562322","colorFaintLight":"#e1aea2","colorFaintDark":"#371c1f","colorFaintSat":"#46382c","colorHiddenLight":"#e9cdc1","colorHiddenDark":"#25181e","colorHiddenSat":"#37382c","colorFollowDark":"#7d2b25"},"geometry":{"type":"Point","coordinates":[120.266634,22.85386]}},{"type":"Feature","properties":{"sys":"tra_sched","lineId":"縱貫線南段","lineKey":"tra_sched|縱貫線南段","name":"岡山","color":"#C0392B","colorDark":"#562322","colorFaintLight":"#e1aea2","colorFaintDark":"#371c1f","colorFaintSat":"#46382c","colorHiddenLight":"#e9cdc1","colorHiddenDark":"#25181e","colorHiddenSat":"#37382c","colorFollowDark":"#7d2b25"},"geometry":{"type":"Point","coordinates":[120.300467,22.792315]}},{"type":"Feature","properties":{"sys":"tra_sched","lineId":"縱貫線南段","lineKey":"tra_sched|縱貫線南段","name":"橋頭","color":"#C0392B","colorDark":"#562322","colorFaintLight":"#e1aea2","colorFaintDark":"#371c1f","colorFaintSat":"#46382c","colorHiddenLight":"#e9cdc1","colorHiddenDark":"#25181e","colorHiddenSat":"#37382c","colorFollowDark":"#7d2b25"},"geometry":{"type":"Point","coordinates":[120.310255,22.761098]}},{"type":"Feature","properties":{"sys":"tra_sched","lineId":"縱貫線南段","lineKey":"tra_sched|縱貫線南段","name":"楠梓","color":"#C0392B","colorDark":"#562322","colorFaintLight":"#e1aea2","colorFaintDark":"#371c1f","colorFaintSat":"#46382c","colorHiddenLight":"#e9cdc1","colorHiddenDark":"#25181e","colorHiddenSat":"#37382c","colorFollowDark":"#7d2b25"},"geometry":{"type":"Point","coordinates":[120.324127,22.727141]}},{"type":"Feature","properties":{"sys":"tra_sched","lineId":"縱貫線南段","lineKey":"tra_sched|縱貫線南段","name":"新左營","color":"#C0392B","colorDark":"#562322","colorFaintLight":"#e1aea2","colorFaintDark":"#371c1f","colorFaintSat":"#46382c","colorHiddenLight":"#e9cdc1","colorHiddenDark":"#25181e","colorHiddenSat":"#37382c","colorFollowDark":"#7d2b25"},"geometry":{"type":"Point","coordinates":[120.307352,22.687568]}},{"type":"Feature","properties":{"sys":"tra_sched","lineId":"縱貫線南段","lineKey":"tra_sched|縱貫線南段","name":"左營(舊城)","color":"#C0392B","colorDark":"#562322","colorFaintLight":"#e1aea2","colorFaintDark":"#371c1f","colorFaintSat":"#46382c","colorHiddenLight":"#e9cdc1","colorHiddenDark":"#25181e","colorHiddenSat":"#37382c","colorFollowDark":"#7d2b25"},"geometry":{"type":"Point","coordinates":[120.293754,22.67399]}},{"type":"Feature","properties":{"sys":"tra_sched","lineId":"縱貫線南段","lineKey":"tra_sched|縱貫線南段","name":"內惟","color":"#C0392B","colorDark":"#562322","colorFaintLight":"#e1aea2","colorFaintDark":"#371c1f","colorFaintSat":"#46382c","colorHiddenLight":"#e9cdc1","colorHiddenDark":"#25181e","colorHiddenSat":"#37382c","colorFollowDark":"#7d2b25"},"geometry":{"type":"Point","coordinates":[120.28701,22.66589]}},{"type":"Feature","properties":{"sys":"tra_sched","lineId":"縱貫線南段","lineKey":"tra_sched|縱貫線南段","name":"美術館","color":"#C0392B","colorDark":"#562322","colorFaintLight":"#e1aea2","colorFaintDark":"#371c1f","colorFaintSat":"#46382c","colorHiddenLight":"#e9cdc1","colorHiddenDark":"#25181e","colorHiddenSat":"#37382c","colorFollowDark":"#7d2b25"},"geometry":{"type":"Point","coordinates":[120.28148,22.65185]}},{"type":"Feature","properties":{"sys":"tra_sched","lineId":"縱貫線南段","lineKey":"tra_sched|縱貫線南段","name":"鼓山","color":"#C0392B","colorDark":"#562322","colorFaintLight":"#e1aea2","colorFaintDark":"#371c1f","colorFaintSat":"#46382c","colorHiddenLight":"#e9cdc1","colorHiddenDark":"#25181e","colorHiddenSat":"#37382c","colorFollowDark":"#7d2b25"},"geometry":{"type":"Point","coordinates":[120.28071,22.64181]}},{"type":"Feature","properties":{"sys":"tra_sched","lineId":"縱貫線南段","lineKey":"tra_sched|縱貫線南段","name":"三塊厝","color":"#C0392B","colorDark":"#562322","colorFaintLight":"#e1aea2","colorFaintDark":"#371c1f","colorFaintSat":"#46382c","colorHiddenLight":"#e9cdc1","colorHiddenDark":"#25181e","colorHiddenSat":"#37382c","colorFollowDark":"#7d2b25"},"geometry":{"type":"Point","coordinates":[120.29414,22.63931]}},{"type":"Feature","properties":{"sys":"tra_sched","lineId":"縱貫線南段","lineKey":"tra_sched|縱貫線南段","name":"高雄","color":"#C0392B","colorDark":"#562322","colorFaintLight":"#e1aea2","colorFaintDark":"#371c1f","colorFaintSat":"#46382c","colorHiddenLight":"#e9cdc1","colorHiddenDark":"#25181e","colorHiddenSat":"#37382c","colorFollowDark":"#7d2b25"},"geometry":{"type":"Point","coordinates":[120.302559,22.639532]}},{"type":"Feature","properties":{"sys":"tra_sched","lineId":"屏東線","lineKey":"tra_sched|屏東線","name":"高雄","color":"#8E44AD","colorDark":"#422756","colorFaintLight":"#cfb2cf","colorFaintDark":"#2c1f3c","colorFaintSat":"#3b3b48","colorHiddenLight":"#e0cfd8","colorHiddenDark":"#1f1a2d","colorHiddenSat":"#31393b","colorFollowDark":"#5e3276"},"geometry":{"type":"Point","coordinates":[120.302559,22.639532]}},{"type":"Feature","properties":{"sys":"tra_sched","lineId":"屏東線","lineKey":"tra_sched|屏東線","name":"民族","color":"#8E44AD","colorDark":"#422756","colorFaintLight":"#cfb2cf","colorFaintDark":"#2c1f3c","colorFaintSat":"#3b3b48","colorHiddenLight":"#e0cfd8","colorHiddenDark":"#1f1a2d","colorHiddenSat":"#31393b","colorFollowDark":"#5e3276"},"geometry":{"type":"Point","coordinates":[120.315096,22.6387]}},{"type":"Feature","properties":{"sys":"tra_sched","lineId":"屏東線","lineKey":"tra_sched|屏東線","name":"科工館","color":"#8E44AD","colorDark":"#422756","colorFaintLight":"#cfb2cf","colorFaintDark":"#2c1f3c","colorFaintSat":"#3b3b48","colorHiddenLight":"#e0cfd8","colorHiddenDark":"#1f1a2d","colorHiddenSat":"#31393b","colorFollowDark":"#5e3276"},"geometry":{"type":"Point","coordinates":[120.326278,22.637062]}},{"type":"Feature","properties":{"sys":"tra_sched","lineId":"屏東線","lineKey":"tra_sched|屏東線","name":"正義","color":"#8E44AD","colorDark":"#422756","colorFaintLight":"#cfb2cf","colorFaintDark":"#2c1f3c","colorFaintSat":"#3b3b48","colorHiddenLight":"#e0cfd8","colorHiddenDark":"#1f1a2d","colorHiddenSat":"#31393b","colorFollowDark":"#5e3276"},"geometry":{"type":"Point","coordinates":[120.342738,22.634116]}},{"type":"Feature","properties":{"sys":"tra_sched","lineId":"屏東線","lineKey":"tra_sched|屏東線","name":"鳳山","color":"#8E44AD","colorDark":"#422756","colorFaintLight":"#cfb2cf","colorFaintDark":"#2c1f3c","colorFaintSat":"#3b3b48","colorHiddenLight":"#e0cfd8","colorHiddenDark":"#1f1a2d","colorHiddenSat":"#31393b","colorFollowDark":"#5e3276"},"geometry":{"type":"Point","coordinates":[120.356677,22.631597]}},{"type":"Feature","properties":{"sys":"tra_sched","lineId":"屏東線","lineKey":"tra_sched|屏東線","name":"後庄","color":"#8E44AD","colorDark":"#422756","colorFaintLight":"#cfb2cf","colorFaintDark":"#2c1f3c","colorFaintSat":"#3b3b48","colorHiddenLight":"#e0cfd8","colorHiddenDark":"#1f1a2d","colorHiddenSat":"#31393b","colorFollowDark":"#5e3276"},"geometry":{"type":"Point","coordinates":[120.391047,22.640464]}},{"type":"Feature","properties":{"sys":"tra_sched","lineId":"屏東線","lineKey":"tra_sched|屏東線","name":"九曲堂","color":"#8E44AD","colorDark":"#422756","colorFaintLight":"#cfb2cf","colorFaintDark":"#2c1f3c","colorFaintSat":"#3b3b48","colorHiddenLight":"#e0cfd8","colorHiddenDark":"#1f1a2d","colorHiddenSat":"#31393b","colorFollowDark":"#5e3276"},"geometry":{"type":"Point","coordinates":[120.421202,22.655965]}},{"type":"Feature","properties":{"sys":"tra_sched","lineId":"屏東線","lineKey":"tra_sched|屏東線","name":"六塊厝","color":"#8E44AD","colorDark":"#422756","colorFaintLight":"#cfb2cf","colorFaintDark":"#2c1f3c","colorFaintSat":"#3b3b48","colorHiddenLight":"#e0cfd8","colorHiddenDark":"#1f1a2d","colorHiddenSat":"#31393b","colorFollowDark":"#5e3276"},"geometry":{"type":"Point","coordinates":[120.464819,22.665782]}},{"type":"Feature","properties":{"sys":"tra_sched","lineId":"屏東線","lineKey":"tra_sched|屏東線","name":"屏東","color":"#8E44AD","colorDark":"#422756","colorFaintLight":"#cfb2cf","colorFaintDark":"#2c1f3c","colorFaintSat":"#3b3b48","colorHiddenLight":"#e0cfd8","colorHiddenDark":"#1f1a2d","colorHiddenSat":"#31393b","colorFollowDark":"#5e3276"},"geometry":{"type":"Point","coordinates":[120.486126,22.668853]}},{"type":"Feature","properties":{"sys":"tra_sched","lineId":"屏東線","lineKey":"tra_sched|屏東線","name":"歸來","color":"#8E44AD","colorDark":"#422756","colorFaintLight":"#cfb2cf","colorFaintDark":"#2c1f3c","colorFaintSat":"#3b3b48","colorHiddenLight":"#e0cfd8","colorHiddenDark":"#1f1a2d","colorHiddenSat":"#31393b","colorFollowDark":"#5e3276"},"geometry":{"type":"Point","coordinates":[120.502794,22.652275]}},{"type":"Feature","properties":{"sys":"tra_sched","lineId":"屏東線","lineKey":"tra_sched|屏東線","name":"麟洛","color":"#8E44AD","colorDark":"#422756","colorFaintLight":"#cfb2cf","colorFaintDark":"#2c1f3c","colorFaintSat":"#3b3b48","colorHiddenLight":"#e0cfd8","colorHiddenDark":"#1f1a2d","colorHiddenSat":"#31393b","colorFollowDark":"#5e3276"},"geometry":{"type":"Point","coordinates":[120.514297,22.634688]}},{"type":"Feature","properties":{"sys":"tra_sched","lineId":"屏東線","lineKey":"tra_sched|屏東線","name":"西勢","color":"#8E44AD","colorDark":"#422756","colorFaintLight":"#cfb2cf","colorFaintDark":"#2c1f3c","colorFaintSat":"#3b3b48","colorHiddenLight":"#e0cfd8","colorHiddenDark":"#1f1a2d","colorHiddenSat":"#31393b","colorFollowDark":"#5e3276"},"geometry":{"type":"Point","coordinates":[120.526511,22.616244]}},{"type":"Feature","properties":{"sys":"tra_sched","lineId":"屏東線","lineKey":"tra_sched|屏東線","name":"竹田","color":"#8E44AD","colorDark":"#422756","colorFaintLight":"#cfb2cf","colorFaintDark":"#2c1f3c","colorFaintSat":"#3b3b48","colorHiddenLight":"#e0cfd8","colorHiddenDark":"#1f1a2d","colorHiddenSat":"#31393b","colorFollowDark":"#5e3276"},"geometry":{"type":"Point","coordinates":[120.539751,22.586577]}},{"type":"Feature","properties":{"sys":"tra_sched","lineId":"屏東線","lineKey":"tra_sched|屏東線","name":"潮州","color":"#8E44AD","colorDark":"#422756","colorFaintLight":"#cfb2cf","colorFaintDark":"#2c1f3c","colorFaintSat":"#3b3b48","colorHiddenLight":"#e0cfd8","colorHiddenDark":"#1f1a2d","colorHiddenSat":"#31393b","colorFollowDark":"#5e3276"},"geometry":{"type":"Point","coordinates":[120.536062,22.549979]}},{"type":"Feature","properties":{"sys":"tra_sched","lineId":"屏東線","lineKey":"tra_sched|屏東線","name":"崁頂","color":"#8E44AD","colorDark":"#422756","colorFaintLight":"#cfb2cf","colorFaintDark":"#2c1f3c","colorFaintSat":"#3b3b48","colorHiddenLight":"#e0cfd8","colorHiddenDark":"#1f1a2d","colorHiddenSat":"#31393b","colorFollowDark":"#5e3276"},"geometry":{"type":"Point","coordinates":[120.514844,22.513158]}},{"type":"Feature","properties":{"sys":"tra_sched","lineId":"屏東線","lineKey":"tra_sched|屏東線","name":"南州","color":"#8E44AD","colorDark":"#422756","colorFaintLight":"#cfb2cf","colorFaintDark":"#2c1f3c","colorFaintSat":"#3b3b48","colorHiddenLight":"#e0cfd8","colorHiddenDark":"#1f1a2d","colorHiddenSat":"#31393b","colorFollowDark":"#5e3276"},"geometry":{"type":"Point","coordinates":[120.512004,22.491869]}},{"type":"Feature","properties":{"sys":"tra_sched","lineId":"屏東線","lineKey":"tra_sched|屏東線","name":"鎮安","color":"#8E44AD","colorDark":"#422756","colorFaintLight":"#cfb2cf","colorFaintDark":"#2c1f3c","colorFaintSat":"#3b3b48","colorHiddenLight":"#e0cfd8","colorHiddenDark":"#1f1a2d","colorHiddenSat":"#31393b","colorFollowDark":"#5e3276"},"geometry":{"type":"Point","coordinates":[120.511152,22.457991]}},{"type":"Feature","properties":{"sys":"tra_sched","lineId":"屏東線","lineKey":"tra_sched|屏東線","name":"林邊","color":"#8E44AD","colorDark":"#422756","colorFaintLight":"#cfb2cf","colorFaintDark":"#2c1f3c","colorFaintSat":"#3b3b48","colorHiddenLight":"#e0cfd8","colorHiddenDark":"#1f1a2d","colorHiddenSat":"#31393b","colorFollowDark":"#5e3276"},"geometry":{"type":"Point","coordinates":[120.515028,22.431493]}},{"type":"Feature","properties":{"sys":"tra_sched","lineId":"屏東線","lineKey":"tra_sched|屏東線","name":"佳冬","color":"#8E44AD","colorDark":"#422756","colorFaintLight":"#cfb2cf","colorFaintDark":"#2c1f3c","colorFaintSat":"#3b3b48","colorHiddenLight":"#e0cfd8","colorHiddenDark":"#1f1a2d","colorHiddenSat":"#31393b","colorFollowDark":"#5e3276"},"geometry":{"type":"Point","coordinates":[120.547579,22.413826]}},{"type":"Feature","properties":{"sys":"tra_sched","lineId":"屏東線","lineKey":"tra_sched|屏東線","name":"東海","color":"#8E44AD","colorDark":"#422756","colorFaintLight":"#cfb2cf","colorFaintDark":"#2c1f3c","colorFaintSat":"#3b3b48","colorHiddenLight":"#e0cfd8","colorHiddenDark":"#1f1a2d","colorHiddenSat":"#31393b","colorFollowDark":"#5e3276"},"geometry":{"type":"Point","coordinates":[120.572316,22.398942]}},{"type":"Feature","properties":{"sys":"tra_sched","lineId":"屏東線","lineKey":"tra_sched|屏東線","name":"枋寮","color":"#8E44AD","colorDark":"#422756","colorFaintLight":"#cfb2cf","colorFaintDark":"#2c1f3c","colorFaintSat":"#3b3b48","colorHiddenLight":"#e0cfd8","colorHiddenDark":"#1f1a2d","colorHiddenSat":"#31393b","colorFollowDark":"#5e3276"},"geometry":{"type":"Point","coordinates":[120.595289,22.368249]}},{"type":"Feature","properties":{"sys":"tra_sched","lineId":"南迴線","lineKey":"tra_sched|南迴線","name":"枋寮","color":"#16A085","colorDark":"#124c46","colorFaintLight":"#a5d2c1","colorFaintDark":"#113333","colorFaintSat":"#214f40","colorHiddenLight":"#cadfd1","colorHiddenDark":"#112529","colorHiddenSat":"#224437","colorFollowDark":"#146b5d"},"geometry":{"type":"Point","coordinates":[120.595289,22.368249]}},{"type":"Feature","properties":{"sys":"tra_sched","lineId":"南迴線","lineKey":"tra_sched|南迴線","name":"加祿","color":"#16A085","colorDark":"#124c46","colorFaintLight":"#a5d2c1","colorFaintDark":"#113333","colorFaintSat":"#214f40","colorHiddenLight":"#cadfd1","colorHiddenDark":"#112529","colorHiddenSat":"#224437","colorFollowDark":"#146b5d"},"geometry":{"type":"Point","coordinates":[120.624979,22.330937]}},{"type":"Feature","properties":{"sys":"tra_sched","lineId":"南迴線","lineKey":"tra_sched|南迴線","name":"內獅","color":"#16A085","colorDark":"#124c46","colorFaintLight":"#a5d2c1","colorFaintDark":"#113333","colorFaintSat":"#214f40","colorHiddenLight":"#cadfd1","colorHiddenDark":"#112529","colorHiddenSat":"#224437","colorFollowDark":"#146b5d"},"geometry":{"type":"Point","coordinates":[120.643614,22.306243]}},{"type":"Feature","properties":{"sys":"tra_sched","lineId":"南迴線","lineKey":"tra_sched|南迴線","name":"枋山","color":"#16A085","colorDark":"#124c46","colorFaintLight":"#a5d2c1","colorFaintDark":"#113333","colorFaintSat":"#214f40","colorHiddenLight":"#cadfd1","colorHiddenDark":"#112529","colorHiddenSat":"#224437","colorFollowDark":"#146b5d"},"geometry":{"type":"Point","coordinates":[120.659562,22.267225]}},{"type":"Feature","properties":{"sys":"tra_sched","lineId":"南迴線","lineKey":"tra_sched|南迴線","name":"枋野","color":"#16A085","colorDark":"#124c46","colorFaintLight":"#a5d2c1","colorFaintDark":"#113333","colorFaintSat":"#214f40","colorHiddenLight":"#cadfd1","colorHiddenDark":"#112529","colorHiddenSat":"#224437","colorFollowDark":"#146b5d"},"geometry":{"type":"Point","coordinates":[120.716994,22.280872]}},{"type":"Feature","properties":{"sys":"tra_sched","lineId":"南迴線","lineKey":"tra_sched|南迴線","name":"大武","color":"#16A085","colorDark":"#124c46","colorFaintLight":"#a5d2c1","colorFaintDark":"#113333","colorFaintSat":"#214f40","colorHiddenLight":"#cadfd1","colorHiddenDark":"#112529","colorHiddenSat":"#224437","colorFollowDark":"#146b5d"},"geometry":{"type":"Point","coordinates":[120.900649,22.365485]}},{"type":"Feature","properties":{"sys":"tra_sched","lineId":"南迴線","lineKey":"tra_sched|南迴線","name":"瀧溪","color":"#16A085","colorDark":"#124c46","colorFaintLight":"#a5d2c1","colorFaintDark":"#113333","colorFaintSat":"#214f40","colorHiddenLight":"#cadfd1","colorHiddenDark":"#112529","colorHiddenSat":"#224437","colorFollowDark":"#146b5d"},"geometry":{"type":"Point","coordinates":[120.942019,22.460911]}},{"type":"Feature","properties":{"sys":"tra_sched","lineId":"南迴線","lineKey":"tra_sched|南迴線","name":"金崙","color":"#16A085","colorDark":"#124c46","colorFaintLight":"#a5d2c1","colorFaintDark":"#113333","colorFaintSat":"#214f40","colorHiddenLight":"#cadfd1","colorHiddenDark":"#112529","colorHiddenSat":"#224437","colorFollowDark":"#146b5d"},"geometry":{"type":"Point","coordinates":[120.967496,22.531329]}},{"type":"Feature","properties":{"sys":"tra_sched","lineId":"南迴線","lineKey":"tra_sched|南迴線","name":"太麻里","color":"#16A085","colorDark":"#124c46","colorFaintLight":"#a5d2c1","colorFaintDark":"#113333","colorFaintSat":"#214f40","colorHiddenLight":"#cadfd1","colorHiddenDark":"#112529","colorHiddenSat":"#224437","colorFollowDark":"#146b5d"},"geometry":{"type":"Point","coordinates":[121.004692,22.618963]}},{"type":"Feature","properties":{"sys":"tra_sched","lineId":"南迴線","lineKey":"tra_sched|南迴線","name":"知本","color":"#16A085","colorDark":"#124c46","colorFaintLight":"#a5d2c1","colorFaintDark":"#113333","colorFaintSat":"#214f40","colorHiddenLight":"#cadfd1","colorHiddenDark":"#112529","colorHiddenSat":"#224437","colorFollowDark":"#146b5d"},"geometry":{"type":"Point","coordinates":[121.060657,22.71017]}},{"type":"Feature","properties":{"sys":"tra_sched","lineId":"南迴線","lineKey":"tra_sched|南迴線","name":"康樂","color":"#16A085","colorDark":"#124c46","colorFaintLight":"#a5d2c1","colorFaintDark":"#113333","colorFaintSat":"#214f40","colorHiddenLight":"#cadfd1","colorHiddenDark":"#112529","colorHiddenSat":"#224437","colorFollowDark":"#146b5d"},"geometry":{"type":"Point","coordinates":[121.093311,22.764473]}},{"type":"Feature","properties":{"sys":"tra_sched","lineId":"南迴線","lineKey":"tra_sched|南迴線","name":"臺東","color":"#16A085","colorDark":"#124c46","colorFaintLight":"#a5d2c1","colorFaintDark":"#113333","colorFaintSat":"#214f40","colorHiddenLight":"#cadfd1","colorHiddenDark":"#112529","colorHiddenSat":"#224437","colorFollowDark":"#146b5d"},"geometry":{"type":"Point","coordinates":[121.122432,22.79346]}},{"type":"Feature","properties":{"sys":"tra_sched","lineId":"臺東線","lineKey":"tra_sched|臺東線","name":"臺東","color":"#D4A017","colorDark":"#5e4c1a","colorFaintLight":"#e8d29b","colorFaintDark":"#3b331b","colorFaintSat":"#4b4f27","colorHiddenLight":"#eddfbd","colorHiddenDark":"#28251b","colorHiddenSat":"#394429","colorFollowDark":"#8a6b19"},"geometry":{"type":"Point","coordinates":[121.122432,22.79346]}},{"type":"Feature","properties":{"sys":"tra_sched","lineId":"臺東線","lineKey":"tra_sched|臺東線","name":"山里","color":"#D4A017","colorDark":"#5e4c1a","colorFaintLight":"#e8d29b","colorFaintDark":"#3b331b","colorFaintSat":"#4b4f27","colorHiddenLight":"#eddfbd","colorHiddenDark":"#28251b","colorHiddenSat":"#394429","colorFollowDark":"#8a6b19"},"geometry":{"type":"Point","coordinates":[121.137991,22.861815]}},{"type":"Feature","properties":{"sys":"tra_sched","lineId":"臺東線","lineKey":"tra_sched|臺東線","name":"鹿野","color":"#D4A017","colorDark":"#5e4c1a","colorFaintLight":"#e8d29b","colorFaintDark":"#3b331b","colorFaintSat":"#4b4f27","colorHiddenLight":"#eddfbd","colorHiddenDark":"#28251b","colorHiddenSat":"#394429","colorFollowDark":"#8a6b19"},"geometry":{"type":"Point","coordinates":[121.137141,22.912393]}},{"type":"Feature","properties":{"sys":"tra_sched","lineId":"臺東線","lineKey":"tra_sched|臺東線","name":"瑞源","color":"#D4A017","colorDark":"#5e4c1a","colorFaintLight":"#e8d29b","colorFaintDark":"#3b331b","colorFaintSat":"#4b4f27","colorHiddenLight":"#eddfbd","colorHiddenDark":"#28251b","colorHiddenSat":"#394429","colorFollowDark":"#8a6b19"},"geometry":{"type":"Point","coordinates":[121.159212,22.956028]}},{"type":"Feature","properties":{"sys":"tra_sched","lineId":"臺東線","lineKey":"tra_sched|臺東線","name":"瑞和","color":"#D4A017","colorDark":"#5e4c1a","colorFaintLight":"#e8d29b","colorFaintDark":"#3b331b","colorFaintSat":"#4b4f27","colorHiddenLight":"#eddfbd","colorHiddenDark":"#28251b","colorHiddenSat":"#394429","colorFollowDark":"#8a6b19"},"geometry":{"type":"Point","coordinates":[121.156092,22.979974]}},{"type":"Feature","properties":{"sys":"tra_sched","lineId":"臺東線","lineKey":"tra_sched|臺東線","name":"關山","color":"#D4A017","colorDark":"#5e4c1a","colorFaintLight":"#e8d29b","colorFaintDark":"#3b331b","colorFaintSat":"#4b4f27","colorHiddenLight":"#eddfbd","colorHiddenDark":"#28251b","colorHiddenSat":"#394429","colorFollowDark":"#8a6b19"},"geometry":{"type":"Point","coordinates":[121.164491,23.045621]}},{"type":"Feature","properties":{"sys":"tra_sched","lineId":"臺東線","lineKey":"tra_sched|臺東線","name":"海端","color":"#D4A017","colorDark":"#5e4c1a","colorFaintLight":"#e8d29b","colorFaintDark":"#3b331b","colorFaintSat":"#4b4f27","colorHiddenLight":"#eddfbd","colorHiddenDark":"#28251b","colorHiddenSat":"#394429","colorFollowDark":"#8a6b19"},"geometry":{"type":"Point","coordinates":[121.177301,23.102121]}},{"type":"Feature","properties":{"sys":"tra_sched","lineId":"臺東線","lineKey":"tra_sched|臺東線","name":"池上","color":"#D4A017","colorDark":"#5e4c1a","colorFaintLight":"#e8d29b","colorFaintDark":"#3b331b","colorFaintSat":"#4b4f27","colorHiddenLight":"#eddfbd","colorHiddenDark":"#28251b","colorHiddenSat":"#394429","colorFollowDark":"#8a6b19"},"geometry":{"type":"Point","coordinates":[121.219432,23.12632]}},{"type":"Feature","properties":{"sys":"tra_sched","lineId":"臺東線","lineKey":"tra_sched|臺東線","name":"富里","color":"#D4A017","colorDark":"#5e4c1a","colorFaintLight":"#e8d29b","colorFaintDark":"#3b331b","colorFaintSat":"#4b4f27","colorHiddenLight":"#eddfbd","colorHiddenDark":"#28251b","colorHiddenSat":"#394429","colorFollowDark":"#8a6b19"},"geometry":{"type":"Point","coordinates":[121.248447,23.179152]}},{"type":"Feature","properties":{"sys":"tra_sched","lineId":"臺東線","lineKey":"tra_sched|臺東線","name":"東竹","color":"#D4A017","colorDark":"#5e4c1a","colorFaintLight":"#e8d29b","colorFaintDark":"#3b331b","colorFaintSat":"#4b4f27","colorHiddenLight":"#eddfbd","colorHiddenDark":"#28251b","colorHiddenSat":"#394429","colorFollowDark":"#8a6b19"},"geometry":{"type":"Point","coordinates":[121.278258,23.225984]}},{"type":"Feature","properties":{"sys":"tra_sched","lineId":"臺東線","lineKey":"tra_sched|臺東線","name":"東里","color":"#D4A017","colorDark":"#5e4c1a","colorFaintLight":"#e8d29b","colorFaintDark":"#3b331b","colorFaintSat":"#4b4f27","colorHiddenLight":"#eddfbd","colorHiddenDark":"#28251b","colorHiddenSat":"#394429","colorFollowDark":"#8a6b19"},"geometry":{"type":"Point","coordinates":[121.303996,23.272428]}},{"type":"Feature","properties":{"sys":"tra_sched","lineId":"臺東線","lineKey":"tra_sched|臺東線","name":"玉里","color":"#D4A017","colorDark":"#5e4c1a","colorFaintLight":"#e8d29b","colorFaintDark":"#3b331b","colorFaintSat":"#4b4f27","colorHiddenLight":"#eddfbd","colorHiddenDark":"#28251b","colorHiddenSat":"#394429","colorFollowDark":"#8a6b19"},"geometry":{"type":"Point","coordinates":[121.311556,23.331558]}},{"type":"Feature","properties":{"sys":"tra_sched","lineId":"臺東線","lineKey":"tra_sched|臺東線","name":"三民","color":"#D4A017","colorDark":"#5e4c1a","colorFaintLight":"#e8d29b","colorFaintDark":"#3b331b","colorFaintSat":"#4b4f27","colorHiddenLight":"#eddfbd","colorHiddenDark":"#28251b","colorHiddenSat":"#394429","colorFollowDark":"#8a6b19"},"geometry":{"type":"Point","coordinates":[121.345241,23.424664]}},{"type":"Feature","properties":{"sys":"tra_sched","lineId":"臺東線","lineKey":"tra_sched|臺東線","name":"瑞穗","color":"#D4A017","colorDark":"#5e4c1a","colorFaintLight":"#e8d29b","colorFaintDark":"#3b331b","colorFaintSat":"#4b4f27","colorHiddenLight":"#eddfbd","colorHiddenDark":"#28251b","colorHiddenSat":"#394429","colorFollowDark":"#8a6b19"},"geometry":{"type":"Point","coordinates":[121.376567,23.497742]}},{"type":"Feature","properties":{"sys":"tra_sched","lineId":"臺東線","lineKey":"tra_sched|臺東線","name":"富源","color":"#D4A017","colorDark":"#5e4c1a","colorFaintLight":"#e8d29b","colorFaintDark":"#3b331b","colorFaintSat":"#4b4f27","colorHiddenLight":"#eddfbd","colorHiddenDark":"#28251b","colorHiddenSat":"#394429","colorFollowDark":"#8a6b19"},"geometry":{"type":"Point","coordinates":[121.380266,23.580319]}},{"type":"Feature","properties":{"sys":"tra_sched","lineId":"臺東線","lineKey":"tra_sched|臺東線","name":"大富","color":"#D4A017","colorDark":"#5e4c1a","colorFaintLight":"#e8d29b","colorFaintDark":"#3b331b","colorFaintSat":"#4b4f27","colorHiddenLight":"#eddfbd","colorHiddenDark":"#28251b","colorHiddenSat":"#394429","colorFollowDark":"#8a6b19"},"geometry":{"type":"Point","coordinates":[121.389416,23.606034]}},{"type":"Feature","properties":{"sys":"tra_sched","lineId":"臺東線","lineKey":"tra_sched|臺東線","name":"光復","color":"#D4A017","colorDark":"#5e4c1a","colorFaintLight":"#e8d29b","colorFaintDark":"#3b331b","colorFaintSat":"#4b4f27","colorHiddenLight":"#eddfbd","colorHiddenDark":"#28251b","colorHiddenSat":"#394429","colorFollowDark":"#8a6b19"},"geometry":{"type":"Point","coordinates":[121.421164,23.666355]}},{"type":"Feature","properties":{"sys":"tra_sched","lineId":"臺東線","lineKey":"tra_sched|臺東線","name":"萬榮","color":"#D4A017","colorDark":"#5e4c1a","colorFaintLight":"#e8d29b","colorFaintDark":"#3b331b","colorFaintSat":"#4b4f27","colorHiddenLight":"#eddfbd","colorHiddenDark":"#28251b","colorHiddenSat":"#394429","colorFollowDark":"#8a6b19"},"geometry":{"type":"Point","coordinates":[121.418837,23.712]}},{"type":"Feature","properties":{"sys":"tra_sched","lineId":"臺東線","lineKey":"tra_sched|臺東線","name":"鳳林","color":"#D4A017","colorDark":"#5e4c1a","colorFaintLight":"#e8d29b","colorFaintDark":"#3b331b","colorFaintSat":"#4b4f27","colorHiddenLight":"#eddfbd","colorHiddenDark":"#28251b","colorHiddenSat":"#394429","colorFollowDark":"#8a6b19"},"geometry":{"type":"Point","coordinates":[121.446713,23.746295]}},{"type":"Feature","properties":{"sys":"tra_sched","lineId":"臺東線","lineKey":"tra_sched|臺東線","name":"南平","color":"#D4A017","colorDark":"#5e4c1a","colorFaintLight":"#e8d29b","colorFaintDark":"#3b331b","colorFaintSat":"#4b4f27","colorHiddenLight":"#eddfbd","colorHiddenDark":"#28251b","colorHiddenSat":"#394429","colorFollowDark":"#8a6b19"},"geometry":{"type":"Point","coordinates":[121.458093,23.782428]}},{"type":"Feature","properties":{"sys":"tra_sched","lineId":"臺東線","lineKey":"tra_sched|臺東線","name":"林榮新光","color":"#D4A017","colorDark":"#5e4c1a","colorFaintLight":"#e8d29b","colorFaintDark":"#3b331b","colorFaintSat":"#4b4f27","colorHiddenLight":"#eddfbd","colorHiddenDark":"#28251b","colorHiddenSat":"#394429","colorFollowDark":"#8a6b19"},"geometry":{"type":"Point","coordinates":[121.462022,23.802589]}},{"type":"Feature","properties":{"sys":"tra_sched","lineId":"臺東線","lineKey":"tra_sched|臺東線","name":"豐田","color":"#D4A017","colorDark":"#5e4c1a","colorFaintLight":"#e8d29b","colorFaintDark":"#3b331b","colorFaintSat":"#4b4f27","colorHiddenLight":"#eddfbd","colorHiddenDark":"#28251b","colorHiddenSat":"#394429","colorFollowDark":"#8a6b19"},"geometry":{"type":"Point","coordinates":[121.495981,23.848533]}},{"type":"Feature","properties":{"sys":"tra_sched","lineId":"臺東線","lineKey":"tra_sched|臺東線","name":"壽豐","color":"#D4A017","colorDark":"#5e4c1a","colorFaintLight":"#e8d29b","colorFaintDark":"#3b331b","colorFaintSat":"#4b4f27","colorHiddenLight":"#eddfbd","colorHiddenDark":"#28251b","colorHiddenSat":"#394429","colorFollowDark":"#8a6b19"},"geometry":{"type":"Point","coordinates":[121.510811,23.868919]}},{"type":"Feature","properties":{"sys":"tra_sched","lineId":"臺東線","lineKey":"tra_sched|臺東線","name":"平和","color":"#D4A017","colorDark":"#5e4c1a","colorFaintLight":"#e8d29b","colorFaintDark":"#3b331b","colorFaintSat":"#4b4f27","colorHiddenLight":"#eddfbd","colorHiddenDark":"#28251b","colorHiddenSat":"#394429","colorFollowDark":"#8a6b19"},"geometry":{"type":"Point","coordinates":[121.520729,23.882673]}},{"type":"Feature","properties":{"sys":"tra_sched","lineId":"臺東線","lineKey":"tra_sched|臺東線","name":"志學","color":"#D4A017","colorDark":"#5e4c1a","colorFaintLight":"#e8d29b","colorFaintDark":"#3b331b","colorFaintSat":"#4b4f27","colorHiddenLight":"#eddfbd","colorHiddenDark":"#28251b","colorHiddenSat":"#394429","colorFollowDark":"#8a6b19"},"geometry":{"type":"Point","coordinates":[121.529281,23.907817]}},{"type":"Feature","properties":{"sys":"tra_sched","lineId":"臺東線","lineKey":"tra_sched|臺東線","name":"吉安","color":"#D4A017","colorDark":"#5e4c1a","colorFaintLight":"#e8d29b","colorFaintDark":"#3b331b","colorFaintSat":"#4b4f27","colorHiddenLight":"#eddfbd","colorHiddenDark":"#28251b","colorHiddenSat":"#394429","colorFollowDark":"#8a6b19"},"geometry":{"type":"Point","coordinates":[121.582794,23.967825]}},{"type":"Feature","properties":{"sys":"tra_sched","lineId":"臺東線","lineKey":"tra_sched|臺東線","name":"花蓮","color":"#D4A017","colorDark":"#5e4c1a","colorFaintLight":"#e8d29b","colorFaintDark":"#3b331b","colorFaintSat":"#4b4f27","colorHiddenLight":"#eddfbd","colorHiddenDark":"#28251b","colorHiddenSat":"#394429","colorFollowDark":"#8a6b19"},"geometry":{"type":"Point","coordinates":[121.600952,23.99264]}},{"type":"Feature","properties":{"sys":"tra_sched","lineId":"北迴線","lineKey":"tra_sched|北迴線","name":"花蓮","color":"#5D6D7E","colorDark":"#2f3843","colorFaintLight":"#bec0bf","colorFaintDark":"#212832","colorFaintSat":"#31443e","colorHiddenLight":"#d7d6d0","colorHiddenDark":"#191f28","colorHiddenSat":"#2b3e36","colorFollowDark":"#404b59"},"geometry":{"type":"Point","coordinates":[121.600952,23.99264]}},{"type":"Feature","properties":{"sys":"tra_sched","lineId":"北迴線","lineKey":"tra_sched|北迴線","name":"北埔","color":"#5D6D7E","colorDark":"#2f3843","colorFaintLight":"#bec0bf","colorFaintDark":"#212832","colorFaintSat":"#31443e","colorHiddenLight":"#d7d6d0","colorHiddenDark":"#191f28","colorHiddenSat":"#2b3e36","colorFollowDark":"#404b59"},"geometry":{"type":"Point","coordinates":[121.601317,24.032615]}},{"type":"Feature","properties":{"sys":"tra_sched","lineId":"北迴線","lineKey":"tra_sched|北迴線","name":"景美","color":"#5D6D7E","colorDark":"#2f3843","colorFaintLight":"#bec0bf","colorFaintDark":"#212832","colorFaintSat":"#31443e","colorHiddenLight":"#d7d6d0","colorHiddenDark":"#191f28","colorHiddenSat":"#2b3e36","colorFollowDark":"#404b59"},"geometry":{"type":"Point","coordinates":[121.610607,24.090395]}},{"type":"Feature","properties":{"sys":"tra_sched","lineId":"北迴線","lineKey":"tra_sched|北迴線","name":"新城 (太魯閣)","color":"#5D6D7E","colorDark":"#2f3843","colorFaintLight":"#bec0bf","colorFaintDark":"#212832","colorFaintSat":"#31443e","colorHiddenLight":"#d7d6d0","colorHiddenDark":"#191f28","colorHiddenSat":"#2b3e36","colorFollowDark":"#404b59"},"geometry":{"type":"Point","coordinates":[121.640702,24.128049]}},{"type":"Feature","properties":{"sys":"tra_sched","lineId":"北迴線","lineKey":"tra_sched|北迴線","name":"崇德","color":"#5D6D7E","colorDark":"#2f3843","colorFaintLight":"#bec0bf","colorFaintDark":"#212832","colorFaintSat":"#31443e","colorHiddenLight":"#d7d6d0","colorHiddenDark":"#191f28","colorHiddenSat":"#2b3e36","colorFollowDark":"#404b59"},"geometry":{"type":"Point","coordinates":[121.655688,24.171734]}},{"type":"Feature","properties":{"sys":"tra_sched","lineId":"北迴線","lineKey":"tra_sched|北迴線","name":"和仁","color":"#5D6D7E","colorDark":"#2f3843","colorFaintLight":"#bec0bf","colorFaintDark":"#212832","colorFaintSat":"#31443e","colorHiddenLight":"#d7d6d0","colorHiddenDark":"#191f28","colorHiddenSat":"#2b3e36","colorFollowDark":"#404b59"},"geometry":{"type":"Point","coordinates":[121.712463,24.241583]}},{"type":"Feature","properties":{"sys":"tra_sched","lineId":"北迴線","lineKey":"tra_sched|北迴線","name":"和平","color":"#5D6D7E","colorDark":"#2f3843","colorFaintLight":"#bec0bf","colorFaintDark":"#212832","colorFaintSat":"#31443e","colorHiddenLight":"#d7d6d0","colorHiddenDark":"#191f28","colorHiddenSat":"#2b3e36","colorFollowDark":"#404b59"},"geometry":{"type":"Point","coordinates":[121.754702,24.297845]}},{"type":"Feature","properties":{"sys":"tra_sched","lineId":"北迴線","lineKey":"tra_sched|北迴線","name":"漢本","color":"#5D6D7E","colorDark":"#2f3843","colorFaintLight":"#bec0bf","colorFaintDark":"#212832","colorFaintSat":"#31443e","colorHiddenLight":"#d7d6d0","colorHiddenDark":"#191f28","colorHiddenSat":"#2b3e36","colorFollowDark":"#404b59"},"geometry":{"type":"Point","coordinates":[121.768126,24.333803]}},{"type":"Feature","properties":{"sys":"tra_sched","lineId":"北迴線","lineKey":"tra_sched|北迴線","name":"武塔","color":"#5D6D7E","colorDark":"#2f3843","colorFaintLight":"#bec0bf","colorFaintDark":"#212832","colorFaintSat":"#31443e","colorHiddenLight":"#d7d6d0","colorHiddenDark":"#191f28","colorHiddenSat":"#2b3e36","colorFollowDark":"#404b59"},"geometry":{"type":"Point","coordinates":[121.775894,24.448732]}},{"type":"Feature","properties":{"sys":"tra_sched","lineId":"北迴線","lineKey":"tra_sched|北迴線","name":"南澳","color":"#5D6D7E","colorDark":"#2f3843","colorFaintLight":"#bec0bf","colorFaintDark":"#212832","colorFaintSat":"#31443e","colorHiddenLight":"#d7d6d0","colorHiddenDark":"#191f28","colorHiddenSat":"#2b3e36","colorFollowDark":"#404b59"},"geometry":{"type":"Point","coordinates":[121.801342,24.463079]}},{"type":"Feature","properties":{"sys":"tra_sched","lineId":"北迴線","lineKey":"tra_sched|北迴線","name":"東澳","color":"#5D6D7E","colorDark":"#2f3843","colorFaintLight":"#bec0bf","colorFaintDark":"#212832","colorFaintSat":"#31443e","colorHiddenLight":"#d7d6d0","colorHiddenDark":"#191f28","colorHiddenSat":"#2b3e36","colorFollowDark":"#404b59"},"geometry":{"type":"Point","coordinates":[121.830712,24.517779]}},{"type":"Feature","properties":{"sys":"tra_sched","lineId":"北迴線","lineKey":"tra_sched|北迴線","name":"永樂","color":"#5D6D7E","colorDark":"#2f3843","colorFaintLight":"#bec0bf","colorFaintDark":"#212832","colorFaintSat":"#31443e","colorHiddenLight":"#d7d6d0","colorHiddenDark":"#191f28","colorHiddenSat":"#2b3e36","colorFollowDark":"#404b59"},"geometry":{"type":"Point","coordinates":[121.844557,24.568388]}},{"type":"Feature","properties":{"sys":"tra_sched","lineId":"北迴線","lineKey":"tra_sched|北迴線","name":"蘇澳新","color":"#5D6D7E","colorDark":"#2f3843","colorFaintLight":"#bec0bf","colorFaintDark":"#212832","colorFaintSat":"#31443e","colorHiddenLight":"#d7d6d0","colorHiddenDark":"#191f28","colorHiddenSat":"#2b3e36","colorFollowDark":"#404b59"},"geometry":{"type":"Point","coordinates":[121.828149,24.608249]}},{"type":"Feature","properties":{"sys":"tra_sched","lineId":"宜蘭線","lineKey":"tra_sched|宜蘭線","name":"蘇澳","color":"#C2185B","colorDark":"#571635","colorFaintLight":"#e1a2b3","colorFaintDark":"#37152a","colorFaintSat":"#473136","colorHiddenLight":"#e9c7ca","colorHiddenDark":"#251424","colorHiddenSat":"#373432","colorFollowDark":"#7e1643"},"geometry":{"type":"Point","coordinates":[121.851454,24.595177]}},{"type":"Feature","properties":{"sys":"tra_sched","lineId":"宜蘭線","lineKey":"tra_sched|宜蘭線","name":"蘇澳新","color":"#C2185B","colorDark":"#571635","colorFaintLight":"#e1a2b3","colorFaintDark":"#37152a","colorFaintSat":"#473136","colorHiddenLight":"#e9c7ca","colorHiddenDark":"#251424","colorHiddenSat":"#373432","colorFollowDark":"#7e1643"},"geometry":{"type":"Point","coordinates":[121.828149,24.608249]}},{"type":"Feature","properties":{"sys":"tra_sched","lineId":"宜蘭線","lineKey":"tra_sched|宜蘭線","name":"新馬","color":"#C2185B","colorDark":"#571635","colorFaintLight":"#e1a2b3","colorFaintDark":"#37152a","colorFaintSat":"#473136","colorHiddenLight":"#e9c7ca","colorHiddenDark":"#251424","colorHiddenSat":"#373432","colorFollowDark":"#7e1643"},"geometry":{"type":"Point","coordinates":[121.822679,24.615732]}},{"type":"Feature","properties":{"sys":"tra_sched","lineId":"宜蘭線","lineKey":"tra_sched|宜蘭線","name":"冬山","color":"#C2185B","colorDark":"#571635","colorFaintLight":"#e1a2b3","colorFaintDark":"#37152a","colorFaintSat":"#473136","colorHiddenLight":"#e9c7ca","colorHiddenDark":"#251424","colorHiddenSat":"#373432","colorFollowDark":"#7e1643"},"geometry":{"type":"Point","coordinates":[121.792074,24.636824]}},{"type":"Feature","properties":{"sys":"tra_sched","lineId":"宜蘭線","lineKey":"tra_sched|宜蘭線","name":"羅東","color":"#C2185B","colorDark":"#571635","colorFaintLight":"#e1a2b3","colorFaintDark":"#37152a","colorFaintSat":"#473136","colorHiddenLight":"#e9c7ca","colorHiddenDark":"#251424","colorHiddenSat":"#373432","colorFollowDark":"#7e1643"},"geometry":{"type":"Point","coordinates":[121.774599,24.677978]}},{"type":"Feature","properties":{"sys":"tra_sched","lineId":"宜蘭線","lineKey":"tra_sched|宜蘭線","name":"中里","color":"#C2185B","colorDark":"#571635","colorFaintLight":"#e1a2b3","colorFaintDark":"#37152a","colorFaintSat":"#473136","colorHiddenLight":"#e9c7ca","colorHiddenDark":"#251424","colorHiddenSat":"#373432","colorFollowDark":"#7e1643"},"geometry":{"type":"Point","coordinates":[121.775226,24.695076]}},{"type":"Feature","properties":{"sys":"tra_sched","lineId":"宜蘭線","lineKey":"tra_sched|宜蘭線","name":"二結","color":"#C2185B","colorDark":"#571635","colorFaintLight":"#e1a2b3","colorFaintDark":"#37152a","colorFaintSat":"#473136","colorHiddenLight":"#e9c7ca","colorHiddenDark":"#251424","colorHiddenSat":"#373432","colorFollowDark":"#7e1643"},"geometry":{"type":"Point","coordinates":[121.77421,24.706]}},{"type":"Feature","properties":{"sys":"tra_sched","lineId":"宜蘭線","lineKey":"tra_sched|宜蘭線","name":"宜蘭","color":"#C2185B","colorDark":"#571635","colorFaintLight":"#e1a2b3","colorFaintDark":"#37152a","colorFaintSat":"#473136","colorHiddenLight":"#e9c7ca","colorHiddenDark":"#251424","colorHiddenSat":"#373432","colorFollowDark":"#7e1643"},"geometry":{"type":"Point","coordinates":[121.758311,24.75456]}},{"type":"Feature","properties":{"sys":"tra_sched","lineId":"宜蘭線","lineKey":"tra_sched|宜蘭線","name":"四城","color":"#C2185B","colorDark":"#571635","colorFaintLight":"#e1a2b3","colorFaintDark":"#37152a","colorFaintSat":"#473136","colorHiddenLight":"#e9c7ca","colorHiddenDark":"#251424","colorHiddenSat":"#373432","colorFollowDark":"#7e1643"},"geometry":{"type":"Point","coordinates":[121.762903,24.786859]}},{"type":"Feature","properties":{"sys":"tra_sched","lineId":"宜蘭線","lineKey":"tra_sched|宜蘭線","name":"礁溪","color":"#C2185B","colorDark":"#571635","colorFaintLight":"#e1a2b3","colorFaintDark":"#37152a","colorFaintSat":"#473136","colorHiddenLight":"#e9c7ca","colorHiddenDark":"#251424","colorHiddenSat":"#373432","colorFollowDark":"#7e1643"},"geometry":{"type":"Point","coordinates":[121.775485,24.826803]}},{"type":"Feature","properties":{"sys":"tra_sched","lineId":"宜蘭線","lineKey":"tra_sched|宜蘭線","name":"頂埔","color":"#C2185B","colorDark":"#571635","colorFaintLight":"#e1a2b3","colorFaintDark":"#37152a","colorFaintSat":"#473136","colorHiddenLight":"#e9c7ca","colorHiddenDark":"#251424","colorHiddenSat":"#373432","colorFollowDark":"#7e1643"},"geometry":{"type":"Point","coordinates":[121.80897,24.843954]}},{"type":"Feature","properties":{"sys":"tra_sched","lineId":"宜蘭線","lineKey":"tra_sched|宜蘭線","name":"頭城","color":"#C2185B","colorDark":"#571635","colorFaintLight":"#e1a2b3","colorFaintDark":"#37152a","colorFaintSat":"#473136","colorHiddenLight":"#e9c7ca","colorHiddenDark":"#251424","colorHiddenSat":"#373432","colorFollowDark":"#7e1643"},"geometry":{"type":"Point","coordinates":[121.822294,24.859046]}},{"type":"Feature","properties":{"sys":"tra_sched","lineId":"宜蘭線","lineKey":"tra_sched|宜蘭線","name":"外澳","color":"#C2185B","colorDark":"#571635","colorFaintLight":"#e1a2b3","colorFaintDark":"#37152a","colorFaintSat":"#473136","colorHiddenLight":"#e9c7ca","colorHiddenDark":"#251424","colorHiddenSat":"#373432","colorFollowDark":"#7e1643"},"geometry":{"type":"Point","coordinates":[121.84554,24.883635]}},{"type":"Feature","properties":{"sys":"tra_sched","lineId":"宜蘭線","lineKey":"tra_sched|宜蘭線","name":"龜山","color":"#C2185B","colorDark":"#571635","colorFaintLight":"#e1a2b3","colorFaintDark":"#37152a","colorFaintSat":"#473136","colorHiddenLight":"#e9c7ca","colorHiddenDark":"#251424","colorHiddenSat":"#373432","colorFollowDark":"#7e1643"},"geometry":{"type":"Point","coordinates":[121.868746,24.905066]}},{"type":"Feature","properties":{"sys":"tra_sched","lineId":"宜蘭線","lineKey":"tra_sched|宜蘭線","name":"大溪","color":"#C2185B","colorDark":"#571635","colorFaintLight":"#e1a2b3","colorFaintDark":"#37152a","colorFaintSat":"#473136","colorHiddenLight":"#e9c7ca","colorHiddenDark":"#251424","colorHiddenSat":"#373432","colorFollowDark":"#7e1643"},"geometry":{"type":"Point","coordinates":[121.889806,24.938363]}},{"type":"Feature","properties":{"sys":"tra_sched","lineId":"宜蘭線","lineKey":"tra_sched|宜蘭線","name":"大里","color":"#C2185B","colorDark":"#571635","colorFaintLight":"#e1a2b3","colorFaintDark":"#37152a","colorFaintSat":"#473136","colorHiddenLight":"#e9c7ca","colorHiddenDark":"#251424","colorHiddenSat":"#373432","colorFollowDark":"#7e1643"},"geometry":{"type":"Point","coordinates":[121.922515,24.966761]}},{"type":"Feature","properties":{"sys":"tra_sched","lineId":"宜蘭線","lineKey":"tra_sched|宜蘭線","name":"石城","color":"#C2185B","colorDark":"#571635","colorFaintLight":"#e1a2b3","colorFaintDark":"#37152a","colorFaintSat":"#473136","colorHiddenLight":"#e9c7ca","colorHiddenDark":"#251424","colorHiddenSat":"#373432","colorFollowDark":"#7e1643"},"geometry":{"type":"Point","coordinates":[121.945422,24.978318]}},{"type":"Feature","properties":{"sys":"tra_sched","lineId":"宜蘭線","lineKey":"tra_sched|宜蘭線","name":"福隆","color":"#C2185B","colorDark":"#571635","colorFaintLight":"#e1a2b3","colorFaintDark":"#37152a","colorFaintSat":"#473136","colorHiddenLight":"#e9c7ca","colorHiddenDark":"#251424","colorHiddenSat":"#373432","colorFollowDark":"#7e1643"},"geometry":{"type":"Point","coordinates":[121.944576,25.015692]}},{"type":"Feature","properties":{"sys":"tra_sched","lineId":"宜蘭線","lineKey":"tra_sched|宜蘭線","name":"貢寮","color":"#C2185B","colorDark":"#571635","colorFaintLight":"#e1a2b3","colorFaintDark":"#37152a","colorFaintSat":"#473136","colorHiddenLight":"#e9c7ca","colorHiddenDark":"#251424","colorHiddenSat":"#373432","colorFollowDark":"#7e1643"},"geometry":{"type":"Point","coordinates":[121.908826,25.021812]}},{"type":"Feature","properties":{"sys":"tra_sched","lineId":"宜蘭線","lineKey":"tra_sched|宜蘭線","name":"雙溪","color":"#C2185B","colorDark":"#571635","colorFaintLight":"#e1a2b3","colorFaintDark":"#37152a","colorFaintSat":"#473136","colorHiddenLight":"#e9c7ca","colorHiddenDark":"#251424","colorHiddenSat":"#373432","colorFollowDark":"#7e1643"},"geometry":{"type":"Point","coordinates":[121.866974,25.038828]}},{"type":"Feature","properties":{"sys":"tra_sched","lineId":"宜蘭線","lineKey":"tra_sched|宜蘭線","name":"牡丹","color":"#C2185B","colorDark":"#571635","colorFaintLight":"#e1a2b3","colorFaintDark":"#37152a","colorFaintSat":"#473136","colorHiddenLight":"#e9c7ca","colorHiddenDark":"#251424","colorHiddenSat":"#373432","colorFollowDark":"#7e1643"},"geometry":{"type":"Point","coordinates":[121.852061,25.058515]}},{"type":"Feature","properties":{"sys":"tra_sched","lineId":"宜蘭線","lineKey":"tra_sched|宜蘭線","name":"三貂嶺","color":"#C2185B","colorDark":"#571635","colorFaintLight":"#e1a2b3","colorFaintDark":"#37152a","colorFaintSat":"#473136","colorHiddenLight":"#e9c7ca","colorHiddenDark":"#251424","colorHiddenSat":"#373432","colorFollowDark":"#7e1643"},"geometry":{"type":"Point","coordinates":[121.822376,25.066101]}},{"type":"Feature","properties":{"sys":"tra_sched","lineId":"宜蘭線","lineKey":"tra_sched|宜蘭線","name":"猴硐","color":"#C2185B","colorDark":"#571635","colorFaintLight":"#e1a2b3","colorFaintDark":"#37152a","colorFaintSat":"#473136","colorHiddenLight":"#e9c7ca","colorHiddenDark":"#251424","colorHiddenSat":"#373432","colorFollowDark":"#7e1643"},"geometry":{"type":"Point","coordinates":[121.827214,25.087019]}},{"type":"Feature","properties":{"sys":"tra_sched","lineId":"宜蘭線","lineKey":"tra_sched|宜蘭線","name":"瑞芳","color":"#C2185B","colorDark":"#571635","colorFaintLight":"#e1a2b3","colorFaintDark":"#37152a","colorFaintSat":"#473136","colorHiddenLight":"#e9c7ca","colorHiddenDark":"#251424","colorHiddenSat":"#373432","colorFollowDark":"#7e1643"},"geometry":{"type":"Point","coordinates":[121.806558,25.109011]}},{"type":"Feature","properties":{"sys":"tra_sched","lineId":"宜蘭線","lineKey":"tra_sched|宜蘭線","name":"四腳亭","color":"#C2185B","colorDark":"#571635","colorFaintLight":"#e1a2b3","colorFaintDark":"#37152a","colorFaintSat":"#473136","colorHiddenLight":"#e9c7ca","colorHiddenDark":"#251424","colorHiddenSat":"#373432","colorFollowDark":"#7e1643"},"geometry":{"type":"Point","coordinates":[121.761821,25.102636]}},{"type":"Feature","properties":{"sys":"tra_sched","lineId":"宜蘭線","lineKey":"tra_sched|宜蘭線","name":"暖暖","color":"#C2185B","colorDark":"#571635","colorFaintLight":"#e1a2b3","colorFaintDark":"#37152a","colorFaintSat":"#473136","colorHiddenLight":"#e9c7ca","colorHiddenDark":"#251424","colorHiddenSat":"#373432","colorFollowDark":"#7e1643"},"geometry":{"type":"Point","coordinates":[121.74031,25.10231]}},{"type":"Feature","properties":{"sys":"tra_sched","lineId":"宜蘭線","lineKey":"tra_sched|宜蘭線","name":"八堵","color":"#C2185B","colorDark":"#571635","colorFaintLight":"#e1a2b3","colorFaintDark":"#37152a","colorFaintSat":"#473136","colorHiddenLight":"#e9c7ca","colorHiddenDark":"#251424","colorHiddenSat":"#373432","colorFollowDark":"#7e1643"},"geometry":{"type":"Point","coordinates":[121.729007,25.108495]}},{"type":"Feature","properties":{"sys":"tra_sched","lineId":"NEIWAN","lineKey":"tra_sched|NEIWAN","name":"新竹","color":"#00A0B0","colorDark":"#0a4c57","colorFaintLight":"#9dd2d1","colorFaintDark":"#0c333d","colorFaintSat":"#1c4f49","colorHiddenLight":"#c6dfd9","colorHiddenDark":"#0e252e","colorHiddenSat":"#20443c","colorFollowDark":"#066b78"},"geometry":{"type":"Point","coordinates":[120.971678,24.801403]}},{"type":"Feature","properties":{"sys":"tra_sched","lineId":"NEIWAN","lineKey":"tra_sched|NEIWAN","name":"北新竹","color":"#00A0B0","colorDark":"#0a4c57","colorFaintLight":"#9dd2d1","colorFaintDark":"#0c333d","colorFaintSat":"#1c4f49","colorHiddenLight":"#c6dfd9","colorHiddenDark":"#0e252e","colorHiddenSat":"#20443c","colorFollowDark":"#066b78"},"geometry":{"type":"Point","coordinates":[120.98379,24.80863]}},{"type":"Feature","properties":{"sys":"tra_sched","lineId":"NEIWAN","lineKey":"tra_sched|NEIWAN","name":"千甲","color":"#00A0B0","colorDark":"#0a4c57","colorFaintLight":"#9dd2d1","colorFaintDark":"#0c333d","colorFaintSat":"#1c4f49","colorHiddenLight":"#c6dfd9","colorHiddenDark":"#0e252e","colorHiddenSat":"#20443c","colorFollowDark":"#066b78"},"geometry":{"type":"Point","coordinates":[121.0034,24.80657]}},{"type":"Feature","properties":{"sys":"tra_sched","lineId":"NEIWAN","lineKey":"tra_sched|NEIWAN","name":"新莊","color":"#00A0B0","colorDark":"#0a4c57","colorFaintLight":"#9dd2d1","colorFaintDark":"#0c333d","colorFaintSat":"#1c4f49","colorHiddenLight":"#c6dfd9","colorHiddenDark":"#0e252e","colorHiddenSat":"#20443c","colorFollowDark":"#066b78"},"geometry":{"type":"Point","coordinates":[121.02196,24.78811]}},{"type":"Feature","properties":{"sys":"tra_sched","lineId":"NEIWAN","lineKey":"tra_sched|NEIWAN","name":"竹中","color":"#00A0B0","colorDark":"#0a4c57","colorFaintLight":"#9dd2d1","colorFaintDark":"#0c333d","colorFaintSat":"#1c4f49","colorHiddenLight":"#c6dfd9","colorHiddenDark":"#0e252e","colorHiddenSat":"#20443c","colorFollowDark":"#066b78"},"geometry":{"type":"Point","coordinates":[121.03141,24.78145]}},{"type":"Feature","properties":{"sys":"tra_sched","lineId":"NEIWAN","lineKey":"tra_sched|NEIWAN","name":"上員","color":"#00A0B0","colorDark":"#0a4c57","colorFaintLight":"#9dd2d1","colorFaintDark":"#0c333d","colorFaintSat":"#1c4f49","colorHiddenLight":"#c6dfd9","colorHiddenDark":"#0e252e","colorHiddenSat":"#20443c","colorFollowDark":"#066b78"},"geometry":{"type":"Point","coordinates":[121.05582,24.77776]}},{"type":"Feature","properties":{"sys":"tra_sched","lineId":"NEIWAN","lineKey":"tra_sched|NEIWAN","name":"榮華","color":"#00A0B0","colorDark":"#0a4c57","colorFaintLight":"#9dd2d1","colorFaintDark":"#0c333d","colorFaintSat":"#1c4f49","colorHiddenLight":"#c6dfd9","colorHiddenDark":"#0e252e","colorHiddenSat":"#20443c","colorFollowDark":"#066b78"},"geometry":{"type":"Point","coordinates":[121.08319,24.74839]}},{"type":"Feature","properties":{"sys":"tra_sched","lineId":"NEIWAN","lineKey":"tra_sched|NEIWAN","name":"竹東","color":"#00A0B0","colorDark":"#0a4c57","colorFaintLight":"#9dd2d1","colorFaintDark":"#0c333d","colorFaintSat":"#1c4f49","colorHiddenLight":"#c6dfd9","colorHiddenDark":"#0e252e","colorHiddenSat":"#20443c","colorFollowDark":"#066b78"},"geometry":{"type":"Point","coordinates":[121.09472,24.73823]}},{"type":"Feature","properties":{"sys":"tra_sched","lineId":"NEIWAN","lineKey":"tra_sched|NEIWAN","name":"橫山","color":"#00A0B0","colorDark":"#0a4c57","colorFaintLight":"#9dd2d1","colorFaintDark":"#0c333d","colorFaintSat":"#1c4f49","colorHiddenLight":"#c6dfd9","colorHiddenDark":"#0e252e","colorHiddenSat":"#20443c","colorFollowDark":"#066b78"},"geometry":{"type":"Point","coordinates":[121.11772,24.72041]}},{"type":"Feature","properties":{"sys":"tra_sched","lineId":"NEIWAN","lineKey":"tra_sched|NEIWAN","name":"九讚頭","color":"#00A0B0","colorDark":"#0a4c57","colorFaintLight":"#9dd2d1","colorFaintDark":"#0c333d","colorFaintSat":"#1c4f49","colorHiddenLight":"#c6dfd9","colorHiddenDark":"#0e252e","colorHiddenSat":"#20443c","colorFollowDark":"#066b78"},"geometry":{"type":"Point","coordinates":[121.13622,24.72062]}},{"type":"Feature","properties":{"sys":"tra_sched","lineId":"NEIWAN","lineKey":"tra_sched|NEIWAN","name":"合興","color":"#00A0B0","colorDark":"#0a4c57","colorFaintLight":"#9dd2d1","colorFaintDark":"#0c333d","colorFaintSat":"#1c4f49","colorHiddenLight":"#c6dfd9","colorHiddenDark":"#0e252e","colorHiddenSat":"#20443c","colorFollowDark":"#066b78"},"geometry":{"type":"Point","coordinates":[121.15437,24.71667]}},{"type":"Feature","properties":{"sys":"tra_sched","lineId":"NEIWAN","lineKey":"tra_sched|NEIWAN","name":"富貴","color":"#00A0B0","colorDark":"#0a4c57","colorFaintLight":"#9dd2d1","colorFaintDark":"#0c333d","colorFaintSat":"#1c4f49","colorHiddenLight":"#c6dfd9","colorHiddenDark":"#0e252e","colorHiddenSat":"#20443c","colorFollowDark":"#066b78"},"geometry":{"type":"Point","coordinates":[121.16743,24.71551]}},{"type":"Feature","properties":{"sys":"tra_sched","lineId":"NEIWAN","lineKey":"tra_sched|NEIWAN","name":"內灣","color":"#00A0B0","colorDark":"#0a4c57","colorFaintLight":"#9dd2d1","colorFaintDark":"#0c333d","colorFaintSat":"#1c4f49","colorHiddenLight":"#c6dfd9","colorHiddenDark":"#0e252e","colorHiddenSat":"#20443c","colorFollowDark":"#066b78"},"geometry":{"type":"Point","coordinates":[121.18255,24.70535]}},{"type":"Feature","properties":{"sys":"tra_sched","lineId":"LIUJIA","lineKey":"tra_sched|LIUJIA","name":"竹中","color":"#7FB800","colorDark":"#3c5611","colorFaintLight":"#cada93","colorFaintDark":"#283816","colorFaintSat":"#385422","colorHiddenLight":"#dde3b9","colorHiddenDark":"#1d2819","colorHiddenSat":"#2f4727","colorFollowDark":"#557a0b"},"geometry":{"type":"Point","coordinates":[121.03141,24.78145]}},{"type":"Feature","properties":{"sys":"tra_sched","lineId":"LIUJIA","lineKey":"tra_sched|LIUJIA","name":"六家","color":"#7FB800","colorDark":"#3c5611","colorFaintLight":"#cada93","colorFaintDark":"#283816","colorFaintSat":"#385422","colorHiddenLight":"#dde3b9","colorHiddenDark":"#1d2819","colorHiddenSat":"#2f4727","colorFollowDark":"#557a0b"},"geometry":{"type":"Point","coordinates":[121.03941,24.80766]}},{"type":"Feature","properties":{"sys":"tra_sched","lineId":"PINGXI","lineKey":"tra_sched|PINGXI","name":"三貂嶺","color":"#E4572E","colorDark":"#652f23","colorFaintLight":"#edb9a3","colorFaintDark":"#3f2320","colorFaintSat":"#4e3f2c","colorHiddenLight":"#efd2c2","colorHiddenDark":"#291c1e","colorHiddenSat":"#3b3c2c","colorFollowDark":"#933e27"},"geometry":{"type":"Point","coordinates":[121.822376,25.066101]}},{"type":"Feature","properties":{"sys":"tra_sched","lineId":"PINGXI","lineKey":"tra_sched|PINGXI","name":"大華","color":"#E4572E","colorDark":"#652f23","colorFaintLight":"#edb9a3","colorFaintDark":"#3f2320","colorFaintSat":"#4e3f2c","colorHiddenLight":"#efd2c2","colorHiddenDark":"#291c1e","colorHiddenSat":"#3b3c2c","colorFollowDark":"#933e27"},"geometry":{"type":"Point","coordinates":[121.79732,25.04998]}},{"type":"Feature","properties":{"sys":"tra_sched","lineId":"PINGXI","lineKey":"tra_sched|PINGXI","name":"十分","color":"#E4572E","colorDark":"#652f23","colorFaintLight":"#edb9a3","colorFaintDark":"#3f2320","colorFaintSat":"#4e3f2c","colorHiddenLight":"#efd2c2","colorHiddenDark":"#291c1e","colorHiddenSat":"#3b3c2c","colorFollowDark":"#933e27"},"geometry":{"type":"Point","coordinates":[121.77514,25.04111]}},{"type":"Feature","properties":{"sys":"tra_sched","lineId":"PINGXI","lineKey":"tra_sched|PINGXI","name":"望古","color":"#E4572E","colorDark":"#652f23","colorFaintLight":"#edb9a3","colorFaintDark":"#3f2320","colorFaintSat":"#4e3f2c","colorHiddenLight":"#efd2c2","colorHiddenDark":"#291c1e","colorHiddenSat":"#3b3c2c","colorFollowDark":"#933e27"},"geometry":{"type":"Point","coordinates":[121.76349,25.03445]}},{"type":"Feature","properties":{"sys":"tra_sched","lineId":"PINGXI","lineKey":"tra_sched|PINGXI","name":"嶺腳","color":"#E4572E","colorDark":"#652f23","colorFaintLight":"#edb9a3","colorFaintDark":"#3f2320","colorFaintSat":"#4e3f2c","colorHiddenLight":"#efd2c2","colorHiddenDark":"#291c1e","colorHiddenSat":"#3b3c2c","colorFollowDark":"#933e27"},"geometry":{"type":"Point","coordinates":[121.74795,25.03016]}},{"type":"Feature","properties":{"sys":"tra_sched","lineId":"PINGXI","lineKey":"tra_sched|PINGXI","name":"平溪","color":"#E4572E","colorDark":"#652f23","colorFaintLight":"#edb9a3","colorFaintDark":"#3f2320","colorFaintSat":"#4e3f2c","colorHiddenLight":"#efd2c2","colorHiddenDark":"#291c1e","colorHiddenSat":"#3b3c2c","colorFollowDark":"#933e27"},"geometry":{"type":"Point","coordinates":[121.74019,25.02571]}},{"type":"Feature","properties":{"sys":"tra_sched","lineId":"PINGXI","lineKey":"tra_sched|PINGXI","name":"菁桐","color":"#E4572E","colorDark":"#652f23","colorFaintLight":"#edb9a3","colorFaintDark":"#3f2320","colorFaintSat":"#4e3f2c","colorHiddenLight":"#efd2c2","colorHiddenDark":"#291c1e","colorHiddenSat":"#3b3c2c","colorFollowDark":"#933e27"},"geometry":{"type":"Point","coordinates":[121.72391,25.02391]}},{"type":"Feature","properties":{"sys":"tra_sched","lineId":"SHENAO","lineKey":"tra_sched|SHENAO","name":"瑞芳","color":"#F2A104","colorDark":"#6a4c12","colorFaintLight":"#f2d294","colorFaintDark":"#423317","colorFaintSat":"#514f23","colorHiddenLight":"#f2dfba","colorHiddenDark":"#2b2519","colorHiddenSat":"#3d4527","colorFollowDark":"#9c6b0d"},"geometry":{"type":"Point","coordinates":[121.806558,25.109011]}},{"type":"Feature","properties":{"sys":"tra_sched","lineId":"SHENAO","lineKey":"tra_sched|SHENAO","name":"海科館","color":"#F2A104","colorDark":"#6a4c12","colorFaintLight":"#f2d294","colorFaintDark":"#423317","colorFaintSat":"#514f23","colorHiddenLight":"#f2dfba","colorHiddenDark":"#2b2519","colorHiddenSat":"#3d4527","colorFollowDark":"#9c6b0d"},"geometry":{"type":"Point","coordinates":[121.79997,25.13754]}},{"type":"Feature","properties":{"sys":"tra_sched","lineId":"SHENAO","lineKey":"tra_sched|SHENAO","name":"八斗子","color":"#F2A104","colorDark":"#6a4c12","colorFaintLight":"#f2d294","colorFaintDark":"#423317","colorFaintSat":"#514f23","colorHiddenLight":"#f2dfba","colorHiddenDark":"#2b2519","colorHiddenSat":"#3d4527","colorFollowDark":"#9c6b0d"},"geometry":{"type":"Point","coordinates":[121.80286,25.13528]}},{"type":"Feature","properties":{"sys":"tra_sched","lineId":"JIJI","lineKey":"tra_sched|JIJI","name":"二水","color":"#6A8EAE","colorDark":"#344556","colorFaintLight":"#c2ccd0","colorFaintDark":"#242f3c","colorFaintSat":"#334b49","colorHiddenLight":"#dadcd9","colorHiddenDark":"#1b232e","colorHiddenSat":"#2c423c","colorFollowDark":"#486077"},"geometry":{"type":"Point","coordinates":[120.6184,23.813291]}},{"type":"Feature","properties":{"sys":"tra_sched","lineId":"JIJI","lineKey":"tra_sched|JIJI","name":"源泉","color":"#6A8EAE","colorDark":"#344556","colorFaintLight":"#c2ccd0","colorFaintDark":"#242f3c","colorFaintSat":"#334b49","colorHiddenLight":"#dadcd9","colorHiddenDark":"#1b232e","colorHiddenSat":"#2c423c","colorFollowDark":"#486077"},"geometry":{"type":"Point","coordinates":[120.64211,23.79845]}},{"type":"Feature","properties":{"sys":"tra_sched","lineId":"JIJI","lineKey":"tra_sched|JIJI","name":"濁水","color":"#6A8EAE","colorDark":"#344556","colorFaintLight":"#c2ccd0","colorFaintDark":"#242f3c","colorFaintSat":"#334b49","colorHiddenLight":"#dadcd9","colorHiddenDark":"#1b232e","colorHiddenSat":"#2c423c","colorFollowDark":"#486077"},"geometry":{"type":"Point","coordinates":[120.70467,23.83467]}},{"type":"Feature","properties":{"sys":"tra_sched","lineId":"JIJI","lineKey":"tra_sched|JIJI","name":"龍泉","color":"#6A8EAE","colorDark":"#344556","colorFaintLight":"#c2ccd0","colorFaintDark":"#242f3c","colorFaintSat":"#334b49","colorHiddenLight":"#dadcd9","colorHiddenDark":"#1b232e","colorHiddenSat":"#2c423c","colorFollowDark":"#486077"},"geometry":{"type":"Point","coordinates":[120.75014,23.83521]}},{"type":"Feature","properties":{"sys":"tra_sched","lineId":"JIJI","lineKey":"tra_sched|JIJI","name":"集集","color":"#6A8EAE","colorDark":"#344556","colorFaintLight":"#c2ccd0","colorFaintDark":"#242f3c","colorFaintSat":"#334b49","colorHiddenLight":"#dadcd9","colorHiddenDark":"#1b232e","colorHiddenSat":"#2c423c","colorFollowDark":"#486077"},"geometry":{"type":"Point","coordinates":[120.78495,23.82647]}},{"type":"Feature","properties":{"sys":"tra_sched","lineId":"JIJI","lineKey":"tra_sched|JIJI","name":"水里","color":"#6A8EAE","colorDark":"#344556","colorFaintLight":"#c2ccd0","colorFaintDark":"#242f3c","colorFaintSat":"#334b49","colorHiddenLight":"#dadcd9","colorHiddenDark":"#1b232e","colorHiddenSat":"#2c423c","colorFollowDark":"#486077"},"geometry":{"type":"Point","coordinates":[120.85332,23.81845]}},{"type":"Feature","properties":{"sys":"tra_sched","lineId":"JIJI","lineKey":"tra_sched|JIJI","name":"車埕","color":"#6A8EAE","colorDark":"#344556","colorFaintLight":"#c2ccd0","colorFaintDark":"#242f3c","colorFaintSat":"#334b49","colorHiddenLight":"#dadcd9","colorHiddenDark":"#1b232e","colorHiddenSat":"#2c423c","colorFollowDark":"#486077"},"geometry":{"type":"Point","coordinates":[120.86572,23.83263]}},{"type":"Feature","properties":{"sys":"tra_sched","lineId":"SHALUN","lineKey":"tra_sched|SHALUN","name":"中洲","color":"#B565A7","colorDark":"#523454","colorFaintLight":"#ddbdcd","colorFaintDark":"#34263b","colorFaintSat":"#444247","colorHiddenLight":"#e7d5d7","colorHiddenDark":"#241e2d","colorHiddenSat":"#353d3b","colorFollowDark":"#764672"},"geometry":{"type":"Point","coordinates":[120.25263,22.903906]}},{"type":"Feature","properties":{"sys":"tra_sched","lineId":"SHALUN","lineKey":"tra_sched|SHALUN","name":"長榮大學","color":"#B565A7","colorDark":"#523454","colorFaintLight":"#ddbdcd","colorFaintDark":"#34263b","colorFaintSat":"#444247","colorHiddenLight":"#e7d5d7","colorHiddenDark":"#241e2d","colorHiddenSat":"#353d3b","colorFollowDark":"#764672"},"geometry":{"type":"Point","coordinates":[120.27263,22.90729]}},{"type":"Feature","properties":{"sys":"tra_sched","lineId":"SHALUN","lineKey":"tra_sched|SHALUN","name":"沙崙","color":"#B565A7","colorDark":"#523454","colorFaintLight":"#ddbdcd","colorFaintDark":"#34263b","colorFaintSat":"#444247","colorHiddenLight":"#e7d5d7","colorHiddenDark":"#241e2d","colorHiddenSat":"#353d3b","colorFollowDark":"#764672"},"geometry":{"type":"Point","coordinates":[120.28622,22.92407]}},{"type":"Feature","properties":{"sys":"tra_sched","lineId":"chengzhui","lineKey":"tra_sched|chengzhui","name":"追分","color":"#3b6ea5","colorDark":"#213853","colorFaintLight":"#b2c1cd","colorFaintDark":"#19283a","colorFaintSat":"#294447","colorHiddenLight":"#d1d6d7","colorHiddenDark":"#151f2c","colorHiddenSat":"#273e3b","colorFollowDark":"#2b4c71"},"geometry":{"type":"Point","coordinates":[120.570124,24.120227]}},{"type":"Feature","properties":{"sys":"tra_sched","lineId":"chengzhui","lineKey":"tra_sched|chengzhui","name":"成功","color":"#3b6ea5","colorDark":"#213853","colorFaintLight":"#b2c1cd","colorFaintDark":"#19283a","colorFaintSat":"#294447","colorHiddenLight":"#d1d6d7","colorHiddenDark":"#151f2c","colorHiddenSat":"#273e3b","colorFollowDark":"#2b4c71"},"geometry":{"type":"Point","coordinates":[120.59021,24.11424]}}],"source_repo":"siriushsu/taiwan-rail-live"}